CREATE SCHEMA D02;
SET search_path to D02;

CREATE TABLE User_System (
	Username VARCHAR(50) PRIMARY KEY,
	Password VARCHAR(20) NOT NULL
);

CREATE TABLE Tim (
    Nama_Tim VARCHAR(50) PRIMARY KEY,
    Universitas VARCHAR(50) NOT NULL
);

CREATE TABLE Pemain (
	ID_Pemain UUID PRIMARY KEY,
	Nama_Tim VARCHAR(50) REFERENCES Tim(Nama_Tim),
	Nama_Depan VARCHAR(50) NOT NULL,
	Nama_Belakang VARCHAR(50) NOT NULL,
	Nomor_HP VARCHAR(15) NOT NULL,
	Tgl_Lahir DATE NOT NULL,
	Is_Captain BOOLEAN NOT NULL,
	Posisi VARCHAR(50) NOT NULL,
	NPM VARCHAR(20) NOT NULL,
	Jenjang VARCHAR(20) NOT NULL
);

CREATE TABLE Non_Pemain (
	ID UUID PRIMARY KEY,
	Nama_Depan VARCHAR(50) NOT NULL,
	Nama_Belakang VARCHAR(50) NOT NULL,
	Nomor_HP VARCHAR(15) NOT NULL,
	Email VARCHAR(50) NOT NULL,
	Alamat VARCHAR(255) NOT NULL
);

CREATE TABLE Wasit (
	ID_Wasit UUID PRIMARY KEY,
	Lisensi VARCHAR(50) NOT NULL,
	FOREIGN KEY (ID_Wasit) REFERENCES Non_Pemain(ID)
);

CREATE TABLE Status_Non_Pemain (
	ID_Non_Pemain UUID,
	Status VARCHAR(50),
	PRIMARY KEY (ID_Non_Pemain, Status),
	FOREIGN KEY (ID_Non_Pemain) REFERENCES Non_Pemain(ID)
);
CREATE TABLE Stadium (
	ID_Stadium UUID PRIMARY KEY,
	Nama VARCHAR(50) NOT NULL,
	Alamat VARCHAR(255) NOT NULL,
	Kapasitas INT NOT NULL
);

CREATE TABLE Perlengkapan_Stadium (
	ID_Stadium UUID,
	Item VARCHAR(255) NOT NULL,
	Kapasitas INT NOT NULL,
	PRIMARY KEY (ID_Stadium, Item, Kapasitas),
	FOREIGN KEY (ID_Stadium) REFERENCES Stadium(ID_Stadium)
);

CREATE TABLE Pertandingan (
	ID_Pertandingan UUID PRIMARY KEY,
	Start_Datetime DATE NOT NULL,
	End_Datetime DATE NOT NULL,
	Stadium UUID,
	FOREIGN KEY (Stadium) REFERENCES Stadium(ID_Stadium)
);

CREATE TABLE Peristiwa (
	ID_Pertandingan UUID,
	Datetime TIMESTAMP NOT NULL,
	Jenis VARCHAR(50) NOT NULL,
	ID_Pemain UUID,
	PRIMARY KEY (ID_Pertandingan, Datetime),
	FOREIGN KEY (ID_Pertandingan) REFERENCES Pertandingan(ID_Pertandingan),
	FOREIGN KEY (ID_Pemain) REFERENCES Pemain(ID_Pemain)
);

CREATE TABLE Wasit_Bertugas (
	ID_Wasit UUID,
	ID_Pertandingan UUID,
	Posisi_Wasit VARCHAR(50) NOT NULL,
	PRIMARY KEY (ID_Wasit, ID_Pertandingan),
	FOREIGN KEY (ID_Wasit) REFERENCES Wasit(ID_Wasit),
	FOREIGN KEY (ID_Pertandingan) REFERENCES Pertandingan(ID_Pertandingan)
);

CREATE TABLE Tim_Pertandingan (
    Nama_Tim VARCHAR(50),
    ID_Pertandingan UUID,
    Skor VARCHAR(50) NOT NULL,
    PRIMARY KEY(Nama_Tim, ID_Pertandingan),
    FOREIGN KEY (Nama_Tim) REFERENCES Tim(Nama_Tim),
    FOREIGN KEY (ID_Pertandingan) REFERENCES Pertandingan(ID_Pertandingan)
);


CREATE TABLE Penonton (
	ID_Penonton UUID PRIMARY KEY,
	Username VARCHAR(50),
	FOREIGN KEY (ID_Penonton) REFERENCES Non_Pemain(ID),
	FOREIGN KEY (Username) REFERENCES User_System(Username)
);

CREATE TABLE Pembelian_Tiket (
	Nomor_Receipt VARCHAR(50) PRIMARY KEY,
	ID_Penonton UUID,
	Jenis_Tiket VARCHAR(50) NOT NULL,
	Jenis_Pembayaran VARCHAR(50) NOT NULL,
	ID_Pertandingan UUID,
	FOREIGN KEY (ID_Penonton) REFERENCES Penonton(ID_Penonton),
	FOREIGN KEY (ID_Pertandingan) REFERENCES Pertandingan(ID_Pertandingan)
);

CREATE TABLE Panitia (
	ID_Panitia UUID PRIMARY KEY REFERENCES Non_Pemain(ID),
	Jabatan VARCHAR(50) NOT NULL,
	Username VARCHAR(50) REFERENCES User_System(Username)
);

CREATE TABLE Pelatih (
	ID_Pelatih UUID PRIMARY KEY REFERENCES Non_Pemain(ID),
	Nama_Tim VARCHAR(50) REFERENCES Tim(Nama_Tim)
);

CREATE TABLE Spesialisasi_Pelatih (
	ID_Pelatih UUID REFERENCES Pelatih(ID_Pelatih),
	Spesialisasi VARCHAR(50),
	PRIMARY KEY (ID_Pelatih, Spesialisasi)
);

CREATE TABLE Manajer (
    ID_Manajer UUID PRIMARY KEY,
    Username VARCHAR(50),
    FOREIGN KEY (ID_Manajer) REFERENCES Non_Pemain(ID),
    FOREIGN KEY (Username) REFERENCES User_System(Username)
);

CREATE TABLE Tim_Manajer (
    ID_Manajer UUID,
    Nama_Tim VARCHAR(50),
    PRIMARY KEY (ID_Manajer, Nama_Tim),
    FOREIGN KEY (ID_Manajer) REFERENCES Manajer(ID_Manajer),
    FOREIGN KEY (Nama_Tim) REFERENCES Tim(Nama_Tim)
);

CREATE TABLE Peminjaman (
	ID_Manajer UUID,
	Start_Datetime DATE NOT NULL,
	End_Datetime DATE NOT NULL,
	ID_Stadium UUID,
	PRIMARY KEY (ID_Manajer, Start_Datetime),
	FOREIGN KEY (ID_Manajer) REFERENCES Manajer (ID_Manajer),
	FOREIGN KEY (ID_Stadium) REFERENCES Stadium (ID_Stadium)
);

CREATE TABLE Rapat (
	ID_Pertandingan UUID,
	Datetime TIMESTAMP,
	Perwakilan_Panitia UUID,
	Manajer_Tim_A UUID,
	Manajer_Tim_B UUID,
	Isi_Rapat TEXT NOT NULL,
	PRIMARY KEY (Datetime, Perwakilan_Panitia, Manajer_Tim_A, Manajer_Tim_B),
	FOREIGN KEY (ID_Pertandingan) REFERENCES Pertandingan (ID_Pertandingan),
	FOREIGN KEY (Perwakilan_Panitia) REFERENCES Panitia (ID_Panitia),
	FOREIGN KEY (Manajer_Tim_A) REFERENCES Manajer (ID_Manajer),
	FOREIGN KEY (Manajer_Tim_B) REFERENCES Manajer (ID_Manajer)
);

INSERT INTO USER_SYSTEM VALUES ('amesias0','yBOb1JF0'),
	('rwheelband1','8a4dF8'),
	('cbrigstock2','LoPDMnSQA'),
	('gdimic3','90DUDY7Yta'),
	('rriolfo4','fHHnJOgV'),
	('afrancke5','3tl8XmfPW4'),
	('fknoble6','REkWrGYvEu'),
	('msimic7','XtD4dNblLUSU'),
	('nhenker8','DkvVvHy'),
	('mjaves9','i9NsK5'),
	('clundbecha','LngHAFTi'),
	('dgumlyb','vKzhr7y3KTi'),
	('kmorenoc','2arKouWL3ox'),
	('kkearled','fneK9X'),
	('brickere','ZeKbef93e0'),
	('clehrmannf','04D65eU'),
	('lledgewayg','IKVzwKJOot'),
	('jcudh','RdCHQprrW3I'),
	('abroomi','Dqne5f'),
	('bmowsdalej','Oip7LXK'),
	('itrevaink','pLSu4G4w'),
	('jhoworthl','gslA7AuJq'),
	('kcottym','3D1IMaH'),
	('mminichillon','zj6B8uLK'),
	('hswinglehursto','fgBFWARUaKT'),
	('kbaistowp','6dO2l14H'),
	('mschraderq','BNlZsB0KM0'),
	('cwhyffenr','fw9QXzlYRt'),
	('cketleys','ar1MNUmj1Q'),
	('cshallikert','VCAjaiuqlQiR'),
	('rbrisseauu','3c3luE'),
	('hburbagev','O8CbwjWiVl1T'),
	('lbookerw','DwcVav'),
	('plemerlex','Vi2zY1k'),
	('vrubinowy','vnj1hvThC'),
	('egapperz','YvAuEins'),
	('mfawcitt10','2Kjz57mIo0'),
	('shunstone11','03ONi4YAVR'),
	('cberthod12','YX2aDd'),
	('wtressler13','ZX1jARvdnUsz'),
	('rsargint14','EhiL30b'),
	('khauger15','lbx5dEiQ3'),
	('gmollnar16','jKSoa7v5y'),
	('ltesche17','FEYyo4fl'),
	('awolfenden18','2NIcoKTI'),
	('kgrigolli19','juXpnR'),
	('cmcclarence1a','u8m8yD'),
	('btrillow1b','CwBK12QZQX'),
	('maucourte1c','kCgJ1N8'),
	('acabrer1d','cVLzfpjgNw');
	
INSERT INTO TIM VALUES ('Columbia','Columbia University'),
	('Harvard','Harvard University'),
	('Stanford','Stanford University'),
	('Coventry','Coventry University'),
	('Brown','Brown University'),
	('Rice','Rice University'),
	('Lund','Lund University'),
	('Brock','Brock University'),
	('Melbourne','Melbourne University'),
	('Virginia','Virginia Tech');

INSERT INTO PEMAIN VALUES ('75e4dfa6-fbb8-4909-a2fb-990e9c6f481f','Columbia','Prince','Bury','919-993-4501','2003-09-11 00:00:00','True','Goal Keeper',2244114856,'SMA'),
	('f31a2ae5-9525-40c4-9718-c5fcb82509de','Columbia','Bartel','Gouge','844-995-7671','2006-06-04 00:00:00','False','Defender',1130908607,'SMA'),
	('f314a912-4d75-4a27-8e61-ce2ea0c4817f','Columbia','Morgan','Lanon','382-171-4168','2006-06-27 00:00:00','False','Defender',2340639980,'SMA'),
	('4199fcd4-967b-46ea-aff4-87516d4a0dc6','Columbia','Mac','Frowde','195-640-0462','2003-11-07 00:00:00','False','Defender',5254512385,'SMP'),
	('01eccbce-ee74-48f4-a91f-9d16af0b2e38','Columbia','Hyman','Gatcliff','303-506-8588','2002-04-20 00:00:00','False','Defender',6873067970,'SMP'),
	('ced9d6d9-2113-4878-a79f-55a8093cfcc5','Columbia','Nev','Dormand','480-555-1369','2003-09-21 00:00:00','False','Midfielder',6771615057,'SMA'),
	('e0c9343d-7230-4ea3-901e-a546b50d878c','Columbia','Llewellyn','Lowey','631-937-9853','2003-04-22 00:00:00','False','Midfielder',3975131276,'SMP'),
	('a563f638-5f4e-42d1-8708-e9d3adc1a28e','Columbia','Alyosha','Murr','113-870-9796','2002-06-12 00:00:00','False','Midfielder',8086758397,'Sarjana'),
	('f399a46d-ce0a-4b0a-ae3b-3e4c4bd2675d','Columbia','Karlik','Currom','369-183-2626','2006-12-05 00:00:00','False','Midfielder',2544298324,'SMA'),
	('98f57676-b7c4-4737-ae8f-836814f34857','Columbia','Rudie','Slocombe','754-146-9583','2004-01-30 00:00:00','False','Forward',133737969,'Sarjana'),
	('06352530-e2dc-4616-9dc7-9f6cdd2f0aa9','Columbia','Barty','Rogge','811-205-5935','2005-09-05 00:00:00','False','Forward',8371217382,'SMA'),
	('d37e782e-3156-49e9-9210-9b76a1a85192','Columbia','Gard','Rosekilly','643-288-3567','2002-04-11 00:00:00','False','Goal Keeper',8150603778,'Sarjana'),
	('e9473969-46ef-4fd6-8c9d-f4445a3e38f3','Columbia','Tedd','Chevins','386-716-8889','2005-10-17 00:00:00','False','Forward',8425296889,'SMA'),
	('88de25da-9d0f-41e3-8def-de9e6565cc29','Columbia','Lenci','Towersey','927-150-5514','2004-12-21 00:00:00','False','Defender',5019121827,'SMA'),
	('f4c56c12-c35d-4286-a3d8-6406e1315d8f','Harvard','Krishna','Silkstone','498-611-2382','2004-12-27 00:00:00','False','Goal Keeper',4114193103,'Sarjana'),
	('4397746a-b73d-4d8b-adcc-93840a6922f4','Harvard','Christian','Milbourn','187-429-0311','2001-04-19 00:00:00','False','Defender',6032366987,'Sarjana'),
	('9e5660a6-84ad-4a43-8109-846ff4a7fd47','Harvard','Rutherford','Peet','602-192-9795','2001-08-17 00:00:00','False','Defender',1529135664,'SMA'),
	('0be3cfe2-fde6-4a42-b26c-f87276704954','Harvard','Carl','Strippel','266-214-6145','2004-09-02 00:00:00','False','Defender',8736751391,'SMP'),
	('a38ec2ac-2755-4347-b842-74372b7576cc','Harvard','Vick','Dunsmore','479-453-6449','2004-09-06 00:00:00','True','Defender',6081366243,'SMA'),
	('a03a36be-4611-42c8-b10b-5f40bbf8760a','Harvard','Bastien','Wharrier','900-120-1956','2005-08-04 00:00:00','False','Midfielder',6164503639,'SMP'),
	('81cb0640-b766-424a-b47d-633a1bffeb37','Harvard','Oren','Hastwell','386-877-0730','2001-03-08 00:00:00','False','Midfielder',8338788821,'Sarjana'),
	('c5ce87ae-482d-4863-91f2-82d2ed37f7a1','Harvard','Felicio','Knutsen','128-842-5674','2000-05-05 00:00:00','False','Midfielder',4915141373,'SMA'),
	('42091228-6506-49db-9599-1416e9158530','Harvard','Tirrell','Eckery','730-603-0235','2002-01-10 00:00:00','False','Midfielder',3472941049,'Sarjana'),
	('bd151755-59f6-4db9-a951-343b36af6e4c','Harvard','Leicester','Ciardo','108-220-0936','2005-12-03 00:00:00','False','Forward',6959485282,'SMA'),
	('197d5f1d-2f5d-4415-9c92-361df97a518c','Harvard','Tore','Avrahamof','959-737-8151','2005-11-07 00:00:00','False','Forward',4442969477,'SMP'),
	('561d59e1-9ad4-40b8-912f-c40e2ea9304d','Harvard','Waiter','Torrans','879-199-1771','2001-11-30 00:00:00','False','Goal Keeper',1082327069,'Sarjana'),
	('bdfa0594-cdf9-4dc1-a6f5-7d01cafc646a','Harvard','Bax','Jaher','670-581-6265','2004-07-27 00:00:00','False','Forward',5733875941,'Sarjana'),
	('7809e663-7899-49fd-97eb-e17815fbc4b1','Harvard','Scotty','Pershouse','341-666-4000','2005-08-17 00:00:00','False','Defender',1392375827,'Sarjana'),
	('546f4f16-ee26-42d1-a5dd-4f4805018500','Stanford','Tomlin','Klimkovich','253-272-1084','2006-03-26 00:00:00','False','Goal Keeper',6519468452,'SMA'),
	('1b0708e6-1498-4539-9f93-541047232fbd','Stanford','Cecil','Crofts','663-622-0060','2004-11-23 00:00:00','False','Defender',2328386121,'SMA'),
	('9a1dab71-8d30-406e-ba48-955bf6428003','Stanford','Vittorio','Shimon','151-805-7786','2004-11-04 00:00:00','False','Defender',4168381013,'Sarjana'),
	('bf1f7333-076e-4384-b57b-03a3fd2dcebe','Stanford','Albert','Ander','794-618-5358','2000-09-25 00:00:00','False','Defender',151513,'SMP'),
	('1eb4c835-9b03-4f14-ba7a-b3e815cf6c8a','Stanford','Goraud','Friday','204-688-5080','2002-11-27 00:00:00','False','Defender',5383676546,'SMP'),
	('7b378a5c-fa52-456f-ba27-f689f499efbf','Stanford','Saul','Dupree','509-962-4295','2002-08-17 00:00:00','False','Midfielder',7568929876,'SMP'),
	('02956561-82ba-4d01-826c-12cdb50bf7d3','Stanford','Evelyn','Ughelli','480-584-2480','2003-09-30 00:00:00','True','Midfielder',6981647540,'SMP'),
	('467f31ba-cdc4-4742-8ae3-71e15cf95c4a','Stanford','Mayer','Pethybridge','115-160-1083','2006-02-24 00:00:00','False','Midfielder',8758216626,'Sarjana'),
	('0e1b64dc-e200-427a-aff3-3f037e0681b6','Stanford','Farris','Crallan','704-721-3048','2000-07-03 00:00:00','False','Midfielder',8108836263,'SMA'),
	('d11ba1a1-d584-4557-9b1b-bcd775eaed3a','Stanford','Brion','Weatherhill','392-294-2204','2000-04-06 00:00:00','False','Forward',9211246687,'SMA'),
	('33ca32e9-b1cc-4a64-9dae-a1b8661b772e','Stanford','Urban','Lindblad','343-100-9899','2005-10-24 00:00:00','False','Forward',9346321504,'Sarjana'),
	('02b1a1cc-ca39-4d8a-89d5-7020d9da8fc4','Stanford','Amble','Petrosian','932-716-0785','2004-06-21 00:00:00','False','Goal Keeper',5215041490,'SMP'),
	('b2d1fe27-a578-4d0d-8491-0f858b768765','Stanford','Jarred','Jenton','942-551-8204','2006-12-11 00:00:00','False','Forward',8907419337,'Sarjana'),
	('1bf09a8b-f27a-4ad7-a2dd-2b08c86598ca','Stanford','Zacharias','Mayall','699-648-5299','2001-11-25 00:00:00','False','Defender',3486636405,'SMP'),
	('a534e368-ee33-4c7c-81bb-f32c359929e2','Coventry','Cornie','Twigley','419-742-1909','2004-08-15 00:00:00','False','Goal Keeper',3666461603,'SMA'),
	('92767a93-1606-437d-ada2-ad6e7c3edcfb','Coventry','Eugenio','Sculpher','291-642-1890','2004-09-03 00:00:00','False','Defender',984400516,'SMA'),
	('1233ecb9-0886-4b04-a9c6-3b8353a4407f','Coventry','Sid','Stammirs','404-129-3192','2001-02-06 00:00:00','False','Defender',4815335540,'SMP'),
	('fc3f29ed-1384-4e2b-90db-9d58e2cc414c','Coventry','Brice','Krugmann','964-874-9656','2005-10-04 00:00:00','False','Defender',6129072961,'SMA'),
	('0e4d9525-f323-4acd-8a4b-449c451a27d2','Coventry','Englebert','Haggerstone','374-944-1926','2006-09-22 00:00:00','False','Defender',5530973191,'SMA'),
	('da37ebd5-eb77-4c6d-a83e-b128221720ae','Coventry','Nat','Parmby','971-824-6851','2005-02-05 00:00:00','True','Midfielder',5524109367,'Sarjana'),
	('a3f06635-0d6b-43d9-90e7-9a5b0ad91333','Coventry','Martino','Upfold','935-386-1628','2000-09-12 00:00:00','False','Midfielder',5734296759,'SMP'),
	('7b21cb74-9a4e-4110-95d8-f8bce3742f26','Coventry','Tedman','Lappin','700-960-7045','2000-08-06 00:00:00','False','Midfielder',2760075656,'SMP'),
	('6ca0abd4-00f0-4f8d-b6ef-19dfa96b883e','Coventry','Johann','McBeth','743-627-0068','2001-06-18 00:00:00','False','Midfielder',7661653915,'Sarjana'),
	('f6641e73-05ff-4bf0-9445-2e2333bb9902','Coventry','Richie','Pfleger','320-304-0866','2005-02-05 00:00:00','False','Forward',3975918225,'SMP'),
	('1bdd55a6-b5c5-4d12-845f-b6b93cea8d06','Coventry','Pippo','Ames','528-461-7045','2005-04-24 00:00:00','False','Forward',998708879,'SMP'),
	('1a902dac-5ffd-49b7-8c06-e3f9b5298d1a','Coventry','Elsworth','Hedger','204-236-5478','2002-07-31 00:00:00','False','Goal Keeper',2893775063,'SMP'),
	('bc1fcf44-aafc-4f9f-b022-718f45f4b4cc','Coventry','Forest','Corselles','483-208-4553','2006-08-09 00:00:00','False','Forward',9039645515,'SMP'),
	('76912123-eda5-4762-8e7a-46099924c573','Coventry','Conney','Coffelt','231-259-4455','2002-05-16 00:00:00','False','Defender',3068034647,'SMA'),
	('bb3c648b-d733-4be9-abcf-23cb2fe3b731','Brown','Constantine','Jepperson','179-767-8289','2002-01-04 00:00:00','False','Goal Keeper',8173773130,'SMP'),
	('50aeff05-b70f-4b2b-8961-08b1d807727d','Brown','Orlan','Hebble','313-584-8603','2005-07-08 00:00:00','False','Defender',3146859645,'SMA'),
	('0de86b4f-de13-43c6-a8b3-737ea66d4407','Brown','Darb','Duplan','329-110-7649','2001-03-07 00:00:00','False','Defender',1122914326,'SMP'),
	('6e4cced6-f407-43bf-afe6-0df38a9a9d42','Brown','Orin','Thatcher','734-465-8070','2005-01-11 00:00:00','False','Defender',6908240541,'Sarjana'),
	('46f4dd9c-6afc-4a49-8755-995e27318839','Brown','Matthias','Brettle','912-631-3231','2002-10-13 00:00:00','True','Defender',9153271726,'SMA'),
	('bf394c31-13c5-42ea-9f51-d4e3b48c5f94','Brown','Simmonds','Vinall','439-158-1996','2002-04-07 00:00:00','False','Midfielder',6467447913,'SMP'),
	('51ac1009-0739-4e39-95a1-38ce67f880f8','Brown','Cchaddie','Leopold','588-945-0639','2000-05-02 00:00:00','False','Midfielder',9992133694,'Sarjana'),
	('ef1bd8ac-85f9-46e6-9ff2-ce1571384f0c','Brown','Gabbie','Grogor','583-364-1529','2000-05-02 00:00:00','False','Midfielder',8660851013,'Sarjana'),
	('7a4e6c30-a270-4ccf-95a1-326f837c1586','Brown','Byrom','Bruins','257-263-5850','2000-03-30 00:00:00','False','Midfielder',3032012546,'Sarjana'),
	('f0b48be6-226e-4abf-bd97-1ba52e5c2014','Brown','Symon','Mollatt','354-209-8505','2002-11-23 00:00:00','False','Forward',5524871056,'SMP'),
	('e3181daf-6f10-4463-9402-751e4b0892e3','Brown','Dmitri','Faint','665-497-7482','2002-07-20 00:00:00','False','Forward',484482025,'SMP'),
	('9547fd12-1b54-4ff6-96a4-11e26fb074c9','Brown','Cazzie','Twatt','528-248-5773','2003-11-20 00:00:00','False','Goal Keeper',7412708473,'Sarjana'),
	('4bf68bee-6ce9-4fa3-8d41-de44d19dc941','Brown','Niccolo','Hurle','638-303-2243','2006-03-02 00:00:00','False','Forward',7567799022,'Sarjana'),
	('ea8c5e88-dd09-49d4-93cf-b4495e202f67','Brown','Jerome','Melbourn','353-960-6135','2004-02-24 00:00:00','False','Defender',1856681882,'SMP'),
	('5176ea60-b026-4700-b9d2-ff894f2e2be5','Rice','Geoffrey','Dabes','838-470-5803','2000-12-29 00:00:00','True','Goal Keeper',7945291570,'Sarjana'),
	('d3cc7d09-815b-495e-8991-24a361b9aba0','Rice','Jeth','Hunstone','136-144-7105','2004-06-17 00:00:00','False','Defender',6799754620,'SMA'),
	('41050905-496e-48e1-af91-f3987f9b2750','Rice','Clint','Leyzell','187-778-8685','2006-07-14 00:00:00','False','Defender',6835335084,'SMA'),
	('4e1fe582-f912-4940-9aa5-f37b65c2fe81','Rice','Jorge','Menco','540-793-4619','2002-05-26 00:00:00','False','Defender',7912469133,'Sarjana'),
	('4674d849-58f7-42f0-a570-479ff32a84a9','Rice','Curry','Borman','136-737-9896','2004-04-19 00:00:00','False','Defender',5734082333,'SMA'),
	('236335f8-d1ae-4f10-a5e6-c8c863a425e4','Rice','Curry','Fugere','818-526-9646','2000-08-04 00:00:00','False','Midfielder',4817590335,'Sarjana'),
	('290656f9-bf65-4611-b2fd-9b9015db1406','Rice','Jim','Schneider','339-643-3333','2004-11-23 00:00:00','False','Midfielder',5175247204,'SMP'),
	('f6c3039b-c429-4e4c-a5ea-45990b5b1aed','Rice','George','Critchlow','351-197-9196','2006-08-08 00:00:00','False','Midfielder',8541346587,'SMP'),
	('de385927-c21f-474c-a3e5-e08b7811357d','Rice','Salvador','Beaton','369-295-7614','2000-10-28 00:00:00','False','Midfielder',7990050285,'SMA'),
	('d1cf706d-6cce-4313-adf1-f52054589774','Rice','Ludwig','Palin','617-403-4431','2006-03-14 00:00:00','False','Forward',630214972,'SMP'),
	('f88ddcab-8073-4d69-ab2c-b925242e7dc7','Rice','Chevalier','Broadey','962-114-9355','2004-05-28 00:00:00','False','Forward',9496745954,'SMP'),
	('b93982a6-b32f-441c-abaa-c16da04bb62e','Rice','Emmett','Josowitz','491-701-4462','2002-05-17 00:00:00','False','Goal Keeper',2822384592,'Sarjana'),
	('509b0b46-c744-49a5-95e4-3a3163450705','Rice','Willard','Kynforth','758-939-5074','2003-09-24 00:00:00','False','Forward',6393762810,'SMA'),
	('a0e3bdc9-1733-4da9-bb68-1e5880dc8274','Rice','Davidde','Masding','405-519-0617','2003-10-20 00:00:00','False','Defender',2323439987,'SMA'),
	('81d9ad7c-6513-4997-bfaa-5b837b02bbb3','Lund','Farley','Martinovsky','845-306-9299','2003-07-08 00:00:00','False','Goal Keeper',3780166631,'Sarjana'),
	('289f09f8-7914-419f-9432-44a9b920a3ed','Lund','Darrel','Pentercost','851-351-4082','2005-11-19 00:00:00','False','Defender',3904296124,'SMA'),
	('fdf01378-84a8-4196-8beb-238de38443ad','Lund','Falito','Dimbylow','590-680-5411','2000-04-05 00:00:00','True','Defender',9512403536,'SMA'),
	('a45dad4b-2907-489f-8d0d-71b61dfa48b2','Lund','Maxwell','Balnave','252-126-6899','2003-12-12 00:00:00','False','Defender',907922422,'Sarjana'),
	('ceeb6caa-21de-4b68-bcd8-7decac13598d','Lund','Juan','Heball','132-143-8351','2006-07-23 00:00:00','False','Defender',248648578,'SMP'),
	('99ac9c67-1184-4258-b870-0021511d0e34','Lund','Artur','Broune','485-720-1007','2001-04-07 00:00:00','False','Midfielder',6955131257,'SMP'),
	('a1036230-dc0c-4fbe-8e6b-a26de02b33aa','Lund','Benedick','Hedlestone','695-765-0901','2005-09-19 00:00:00','False','Midfielder',1766269842,'SMA'),
	('fd99af62-005d-4954-9b4c-d53093fb0f0a','Lund','Marshall','Bleddon','994-685-3421','2005-11-06 00:00:00','False','Midfielder',7978865630,'Sarjana'),
	('c9f4b08b-8e67-4405-b88c-46b750614a14','Lund','Mahmud','Phillins','843-764-6576','2005-06-26 00:00:00','False','Midfielder',3535616514,'SMA'),
	('7ba7aae9-28fe-4808-9dbe-5b741a3df0f5','Lund','Nial','Brignall','587-510-0276','2005-02-03 00:00:00','False','Forward',1916503551,'Sarjana'),
	('516ed855-131a-4406-97bd-19ccc5342f60','Lund','Georgi','Pracy','114-645-8098','2004-11-28 00:00:00','False','Forward',9991828060,'SMA'),
	('c77c43de-7471-476b-9e94-0f6ceeb3276b','Lund','Bartholomew','Ottee','951-774-6848','2006-07-11 00:00:00','False','Goal Keeper',9479882949,'Sarjana'),
	('fb841007-0a2e-4a11-81be-3f4296cae8e0','Lund','Bobby','Gadsden','262-789-7861','2005-10-02 00:00:00','False','Forward',4887300654,'SMA'),
	('3c2030db-1d9c-4820-ad1b-34d84efeaf8c','Lund','Vergil','Ladlow','552-757-9479','2002-05-22 00:00:00','False','Defender',8377935236,'SMP'),
	('e47b525c-8eb7-4268-ac7c-7cf840f0193e','Brock','Prentice','Avrahamof','708-233-9606','2004-11-13 00:00:00','False','Goal Keeper',2884846808,'SMP'),
	('a8d0f02a-0797-4902-805d-a6ad9a77f1e9','Brock','Jdavie','Beere','125-299-2995','2004-05-04 00:00:00','False','Defender',5174619485,'SMA'),
	('71eb4aa1-cd56-4ac4-a8bc-3501d3ff7853','Brock','Colman','Kubasiewicz','462-411-5366','2004-08-11 00:00:00','False','Defender',5721097116,'Sarjana'),
	('ba0f03d4-b73d-41d5-a2e8-918b7fd81fea','Brock','Thane','Tarver','471-776-4753','2004-03-04 00:00:00','False','Defender',2065259876,'Sarjana'),
	('29a5a124-0c17-4b4c-9428-3b5442e4b8e5','Brock','Thomas','Lorryman','998-791-7744','2001-05-03 00:00:00','False','Defender',9247823374,'SMP'),
	('0a92bd63-5213-40c9-963c-89be13d8a6f7','Brock','August','Liston','691-487-9777','2005-08-13 00:00:00','False','Midfielder',2559200449,'SMP'),
	('d6124d7b-28af-44ea-8add-77deccb71d49','Brock','Axel','Doberer','987-886-0118','2004-06-01 00:00:00','False','Midfielder',5565301580,'SMA'),
	('f38b67f3-2eaf-4309-b4e9-967689d0b52a','Brock','Tab','Ife','198-207-7011','2000-07-31 00:00:00','True','Midfielder',2767356472,'SMP'),
	('5dc959e6-5c86-427d-9115-4e87d922c8f2','Brock','Tiebout','Linnit','695-335-9251','2001-09-23 00:00:00','False','Midfielder',3242370961,'SMP'),
	('c16744c4-68d8-4011-8443-6ba0fc7669ab','Brock','Othello','Mannie','617-534-2167','2001-07-27 00:00:00','False','Forward',5094022199,'Sarjana'),
	('552904f1-f45e-4430-b217-2cf4d6c40e7c','Brock','Lawrence','Twidale','216-527-2446','2000-04-28 00:00:00','False','Forward',6606894700,'SMA'),
	('b73cef10-871a-405a-901a-c44f70bba253','Brock','Slade','Whyler','970-812-3787','2002-03-04 00:00:00','False','Goal Keeper',2072587905,'Sarjana'),
	('fed7596b-9471-4c7b-a416-bd4204333ec8','Brock','Damiano','Radki','660-588-8243','2003-09-23 00:00:00','False','Forward',4097049844,'Sarjana'),
	('85e5c327-76dd-4f14-b783-09111296d6c7','Brock','Kasper','Kulis','680-158-9236','2002-09-26 00:00:00','False','Defender',7808619183,'SMA'),
	('5a9fa856-751f-49de-a996-1f26016f5c3e','Melbourne','Derick','Huscroft','405-436-1205','2000-03-14 00:00:00','False','Goal Keeper',3555799274,'SMP'),
	('b87080dc-c7de-4999-893f-0ed2b87ccf2a','Melbourne','Nicol','Elkington','205-995-3319','2006-10-03 00:00:00','False','Defender',5666337793,'SMA'),
	('909b7f25-d918-4b64-a5f5-3b8a4d3265c2','Melbourne','Roy','Enden','933-602-9460','2003-01-06 00:00:00','False','Defender',2012071023,'SMA'),
	('164c03bb-2e92-4a72-96a6-fb3287cdd42b','Melbourne','Bret','Stalman','542-302-1196','2006-01-04 00:00:00','False','Defender',4595087756,'SMP'),
	('14247f60-79c0-404f-b48a-4597a6e0ba99','Melbourne','Luke','Towersey','439-757-7431','2000-07-16 00:00:00','False','Defender',8598149349,'Sarjana'),
	('176d5602-784d-4b2b-a2ae-f8d75b2b34de','Melbourne','Sergent','Hinzer','184-983-2044','2001-09-17 00:00:00','False','Midfielder',6010744334,'SMP'),
	('a7e311b2-c009-48da-914f-61ec5ecd524a','Melbourne','Sheridan','Sadat','428-499-2861','2001-11-24 00:00:00','False','Midfielder',8198646388,'SMP'),
	('04c91eee-44b7-425b-80fb-8c667199eb7b','Melbourne','Stearne','Burk','886-517-0262','2002-11-08 00:00:00','False','Midfielder',8840833803,'SMA'),
	('ec6bfa00-57a9-47f9-80db-373c7c3cd6f8','Melbourne','Mathe','Gurko','189-442-4888','2005-02-14 00:00:00','False','Midfielder',4765130096,'SMA'),
	('571e9f66-fe3b-4661-a2aa-a94b7318818a','Melbourne','Justen','Birts','976-948-9862','2006-04-06 00:00:00','True','Forward',6154339380,'SMA'),
	('e616ee13-9c68-449e-9856-07cfe1dfe6ea','Melbourne','Ferguson','Entissle','461-749-8403','2002-09-27 00:00:00','False','Forward',8855212699,'SMA'),
	('29155746-e80d-4a23-995d-2818163d51cb','Melbourne','Gerhardt','Tumber','326-675-2023','2001-10-16 00:00:00','False','Goal Keeper',4533138004,'SMA'),
	('ddd2bf5d-e5b3-461c-9309-67cceb6e8328','Melbourne','Abe','Cettell','422-204-9388','2004-05-12 00:00:00','False','Forward',3980279472,'SMA'),
	('e087277c-07e0-4b30-a152-ca1ac6675215','Melbourne','Reggis','Cardis','868-106-5211','2004-08-22 00:00:00','False','Defender',3823009834,'SMA'),
	('0b828a06-9c99-493d-9ee4-c810be98cd7f','Virginia','Fabio','Ovise','744-473-5604','2000-02-01 00:00:00','True','Goal Keeper',3453151038,'SMA'),
	('2c9da1f5-5467-400c-9616-8e713d8830fc','Virginia','Titus','Silveston','179-145-9437','2004-01-23 00:00:00','False','Defender',7864546951,'SMP'),
	('3aa13999-5aeb-4aa3-9128-86412b46a6fe','Virginia','Ashley','Riddett','542-433-9341','2003-11-14 00:00:00','False','Defender',1200891430,'Sarjana'),
	('4ec3fb4f-300c-44e3-a573-c93d1016a443','Virginia','Dukey','Fitch','174-620-9547','2002-09-14 00:00:00','False','Defender',1874466904,'SMA'),
	('3f5affd9-9f40-432f-b624-9b273a51e05c','Virginia','Garek','Skipton','201-673-1310','2004-02-08 00:00:00','False','Defender',6091499599,'SMA'),
	('770e52fd-6001-4cef-b99c-0f116a6184f5','Virginia','Skippie','O'' Shea','795-784-6663','2004-06-07 00:00:00','False','Midfielder',4258634980,'Sarjana'),
	('cbadd6af-0eb2-4db3-9503-c5cf7167f4db','Virginia','Park','Sargeant','620-511-8088','2004-11-05 00:00:00','False','Midfielder',4476528589,'SMP'),
	('eac038e4-77d9-4c19-aee7-470b9fbad997','Virginia','Conroy','Rodden','569-675-3662','2005-03-14 00:00:00','False','Midfielder',6993649101,'Sarjana'),
	('13c4f6db-9711-41d5-83f6-f698101afe06','Virginia','Irwin','Varey','445-309-0729','2004-11-23 00:00:00','False','Midfielder',8235005719,'SMP'),
	('b372ebd0-0030-4b9d-a4f5-b2ef92f10186','Virginia','Tonnie','Halsey','659-240-2264','2000-05-01 00:00:00','False','Forward',6998895550,'SMP'),
	('c99f0c1d-78b3-4d53-83cc-3890ea777a12','Virginia','Case','Hannan','765-632-8007','2003-02-19 00:00:00','False','Forward',1985242672,'SMA'),
	('d70680d2-be8e-4cac-a794-9f2540ab6642','Virginia','Eddy','Lynam','296-247-7140','2004-01-10 00:00:00','False','Goal Keeper',9121210039,'SMP'),
	('b0885fd2-2809-4524-98d0-871f55e1ed05','Virginia','Francklin','Allport','779-964-3955','2003-11-18 00:00:00','False','Forward',6791716800,'SMA'),
	('5493b157-7342-4026-ac38-020cba12ea9b','Virginia','Patten','Jakel','247-219-0826','2004-07-24 00:00:00','False','Defender',4037624400,'SMP'),
	('a63e0278-ee47-46f0-bf12-3a0ce6de9b78',NULL,'Felizio','Purchall','774-833-7954','2006-11-28 00:00:00','False','Forward',9031911518,'Sarjana'),
	('0fbb8f59-daa7-4e3c-b573-6b7c1865ef5d',NULL,'Abner','Stollhofer','797-958-6972','2005-02-16 00:00:00','False','Goal Keeper',3062108762,'SMP'),
	('14858dbd-427d-4e4f-b874-a08c5ef72fbb',NULL,'Gordie','Keyse','498-626-9186','2000-10-19 00:00:00','False','Defender',4304139398,'SMP'),
	('adf30401-d3be-4daf-a738-4abc71b7f3e9',NULL,'Jude','Berriball','287-625-1083','2005-05-23 00:00:00','False','Midfielder',6757954591,'SMP'),
	('42157f1f-8ace-4bdc-ad2a-d09b1b9ed699',NULL,'Alfonse','Yitzhakov','392-835-3238','2006-10-14 00:00:00','False','Defender',6680499992,'Sarjana'),
	('46a041e6-b6c9-417c-953f-16104116a3e5',NULL,'Lay','Millington','301-929-3857','2002-06-09 00:00:00','False','Goal Keeper',788021699,'Sarjana'),
	('4c86e18a-24ab-4e71-8f69-6c737700e578',NULL,'Huntington','Christoforou','504-245-2697','2006-10-16 00:00:00','False','Midfielder',7409571063,'SMP'),
	('14485d2a-4f24-4d7e-8107-3eb636f1448e',NULL,'Sebastian','Brissenden','474-264-1870','2002-04-07 00:00:00','False','Defender',9397111000,'SMP'),
	('a2200532-534c-4a2b-9f85-b19e8069eee4',NULL,'Rudd','Hrinishin','369-388-8620','2000-09-08 00:00:00','False','Midfielder',6822265422,'SMA'),
	('e04b1246-9b46-402c-88e0-f4ad7d34c2fc',NULL,'Herold','Markovic','898-333-0551','2002-12-01 00:00:00','False','Defender',9375139492,'SMA'),
	('e01ce96a-1fca-4ae5-a0e1-43a769e781ae',NULL,'Wilbur','Meffen','281-842-9408','2002-04-16 00:00:00','False','Forward',9367955588,'SMP'),
	('b044cf86-951a-46c1-a585-e5713a59d59b',NULL,'Oby','Belk','773-495-5270','2005-05-29 00:00:00','False','Defender',3962057722,'SMA'),
	('584972c4-0195-47e8-b55a-7d437e458add',NULL,'Othello','MacKay','910-167-5817','2006-03-11 00:00:00','False','Defender',4651555217,'SMA'),
	('806da912-f6e2-42a7-89dd-1124306d4453',NULL,'Morten','Hassur','956-393-1745','2004-03-29 00:00:00','False','Midfielder',6876327507,'SMA'),
	('d87e4af1-59a2-481d-9827-5a45575bf71d',NULL,'Trstram','Proger','858-899-0013','2001-02-24 00:00:00','False','Midfielder',9563747623,'SMA'),
	('79116648-551a-4253-b063-7b4278243db8',NULL,'Dur','Crowson','572-134-1093','2004-07-03 00:00:00','False','Goal Keeper',2388509351,'SMP'),
	('a5a448ec-fc9e-4c8d-bcfb-e43b7675b86f',NULL,'Giorgi','Sexstone','921-370-7467','2004-01-27 00:00:00','False','Defender',6120469869,'SMA'),
	('d788597a-6086-4d82-9745-f343ddc632d6',NULL,'Dane','Bamell','261-435-5233','2006-02-09 00:00:00','False','Forward',2186361817,'Sarjana'),
	('9061bb09-6b7c-4712-855d-650dbd6868fe',NULL,'Hadrian','Cuschieri','250-916-2346','2000-01-12 00:00:00','False','Midfielder',1117322513,'SMP'),
	('dba95432-95b7-468f-ac2c-12c02618c284',NULL,'Elvis','Pankettman','147-761-7813','2002-06-11 00:00:00','False','Goal Keeper',156434202,'SMA'),
	('ae04339a-5c8a-45b6-a090-ab87fd85bcb4',NULL,'Thorn','Domengue','212-472-2024','2004-01-01 00:00:00','False','Forward',2813808539,'Sarjana'),
	('7f87c3c0-5d50-4e64-9f3a-c94bb2787256',NULL,'Hebert','Blondell','153-425-9233','2006-07-18 00:00:00','False','Forward',3858994162,'SMA'),
	('014873e6-f3bd-450c-9ab0-6d77cd3fae34',NULL,'Patrizio','Worsom','726-910-0621','2002-09-10 00:00:00','False','Forward',6738040822,'SMA'),
	('50d1fad4-8adf-4102-a794-7895211be570',NULL,'Haven','Battleson','507-396-0155','2001-01-25 00:00:00','False','Defender',9538092775,'SMP'),
	('443bdfb0-a2b3-4105-a361-bb2b43c29478',NULL,'Nevins','Bythell','582-609-4573','2002-07-30 00:00:00','False','Defender',8767077153,'Sarjana'),
	('17c6805c-1e56-4c3d-a0d5-1f08149bf1e4',NULL,'Immanuel','Tomaello','141-763-7340','2002-01-01 00:00:00','False','Defender',5650848726,'SMP'),
	('5c8c0dc6-0928-4e7a-a9c9-e7f9d2e077b1',NULL,'Francis','Millgate','566-437-5679','2000-10-28 00:00:00','False','Midfielder',935245952,'SMP'),
	('733e97d0-3ec9-4f30-89da-ec3edc102956',NULL,'Marvin','Guidelli','206-984-1827','2002-01-25 00:00:00','False','Midfielder',287073076,'SMA'),
	('ea0ec13c-9231-48df-9746-901b826553be',NULL,'Wade','Overthrow','878-388-8396','2001-04-08 00:00:00','False','Forward',8607085719,'SMP'),
	('830cb5aa-3a08-4ac9-9ba5-78efbab019d9',NULL,'Gasparo','Voelker','320-524-4378','2006-02-16 00:00:00','False','Goal Keeper',7789898531,'SMA'),
	('327cf109-4fb3-47e5-acfb-d4832b0a47e7',NULL,'Griffie','Codron','691-529-3320','2004-12-04 00:00:00','False','Goal Keeper',198016476,'Sarjana'),
	('e27025e6-a7ed-47fe-9b5b-6e30d381c330',NULL,'Chuck','Kestian','260-111-9733','2000-02-12 00:00:00','False','Defender',3140106254,'Sarjana'),
	('4fba3194-3d69-4032-b482-3d8dac9f0f74',NULL,'Agosto','Breazeall','836-376-7515','2003-11-12 00:00:00','False','Midfielder',8014762436,'Sarjana'),
	('e7890b6d-df24-418d-a34f-7f3a2610ef41',NULL,'Alfonso','Brogini','370-149-1843','2002-06-02 00:00:00','False','Defender',7947384355,'SMA'),
	('b87e7a41-0b5d-42c8-8f68-90412765ee81',NULL,'Godfree','Chaffyn','793-548-2833','2006-09-16 00:00:00','False','Goal Keeper',4961695947,'Sarjana'),
	('ab42a5fd-8e0f-4c96-b961-447e77c8012b',NULL,'Blane','Filshin','416-775-7640','2004-02-28 00:00:00','False','Midfielder',6095043204,'SMA'),
	('e1418fac-acab-4f18-892e-ea60ea964fac',NULL,'Benedick','Foulstone','224-154-0916','2001-02-24 00:00:00','False','Defender',1435514882,'SMP'),
	('9fdf5cf5-b927-4b65-98a1-f3068ad4f9ea',NULL,'Conney','Iglesia','554-627-1212','2002-12-25 00:00:00','False','Forward',2135380253,'SMA'),
	('5af97110-96a3-43b6-8423-449ed108569e',NULL,'Boigie','Kennifeck','565-928-2276','2002-06-06 00:00:00','False','Forward',854028617,'Sarjana'),
	('807b86be-3f12-4634-876c-9d8793bc754e',NULL,'Lin','Morteo','742-651-3197','2001-03-27 00:00:00','False','Defender',7731807312,'SMA'),
	('0a3db010-4ef6-40e3-a9bf-c0414b3ed20a',NULL,'Kelvin','Gaze','632-749-4317','2003-11-15 00:00:00','False','Midfielder',6013950555,'SMP'),
	('2adb15cb-0dff-4579-a315-3906b07e2f8b',NULL,'Norbie','Holley','804-302-9968','2000-03-26 00:00:00','False','Defender',261088068,'SMA'),
	('15ce4b0d-d843-4360-bd88-05b2ffa36cdb',NULL,'Diego','Brody','639-734-9193','2000-02-15 00:00:00','False','Midfielder',2409048366,'SMA'),
	('e9dcccf7-7e72-44f4-ba88-c91460c8fe71',NULL,'Gabriele','Vize','710-868-1330','2003-05-18 00:00:00','False','Goal Keeper',365315311,'Sarjana'),
	('f0e2407c-7d9b-4262-b08b-142170c2442e',NULL,'Raddy','Dron','262-395-4867','2005-04-07 00:00:00','False','Forward',3059171599,'SMA'),
	('9887264d-fde5-4108-b71f-0dcf7344532f',NULL,'Marcelo','Chetwind','747-348-3097','2002-02-02 00:00:00','False','Defender',2445023912,'SMP'),
	('a17520fd-d094-45c1-8b1c-8a1c96c59f64',NULL,'Ernst','Fawcus','248-110-4438','2004-11-04 00:00:00','False','Forward',8751798395,'SMP'),
	('a3c34a80-233a-4c87-9164-b80691374d61',NULL,'Eldon','Bexley','515-102-1119','2002-11-13 00:00:00','False','Goal Keeper',9807725305,'SMP'),
	('292ed5ac-9836-4cbd-b219-8c8ca7d8f20d',NULL,'Ruggiero','Bartalini','592-279-0277','2000-01-13 00:00:00','False','Forward',6688983036,'SMA'),
	('aebbcf9a-d943-4350-a040-19e2e08e1403',NULL,'Marius','Gabits','719-663-6127','2001-08-18 00:00:00','False','Defender',6637126012,'SMP'),
	('fdc2de9b-5b52-406a-9533-b384aac2943a',NULL,'Nealson','Erasmus','629-574-6104','2003-01-13 00:00:00','False','Goal Keeper',6567674857,'SMP'),
	('8550c76d-dfc5-40ed-876a-425c255f3608',NULL,'Andrus','Ludy','774-402-7833','2000-09-22 00:00:00','False','Goal Keeper',8576022230,'Sarjana'),
	('be7e4d2b-ed09-433f-bc20-d2297e4ae4d8',NULL,'Broddy','Bircher','589-243-3313','2003-01-06 00:00:00','False','Midfielder',1506933386,'SMA'),
	('badafb38-4c4d-4d40-8663-9592a5256c3c',NULL,'Jaimie','Farrand','136-357-5859','2001-07-07 00:00:00','False','Forward',137334273,'Sarjana'),
	('34f29bc0-4fd4-408f-8097-f8c81d20c37b',NULL,'Sven','Bostick','947-677-3098','2005-10-13 00:00:00','False','Forward',1583164782,'SMP'),
	('480b846c-9891-4bcf-a85f-2f055ea65169',NULL,'Demott','Kemmer','353-924-9214','2003-11-20 00:00:00','False','Defender',4759418431,'SMP'),
	('e2cd595c-f6e3-4b2d-89f1-17f1889188b4',NULL,'Lodovico','Ratchford','855-214-5293','2002-11-24 00:00:00','False','Forward',510414079,'Sarjana'),
	('d3120ce0-ab90-43f7-88d9-b63df180675c',NULL,'Clint','Jerrems','259-929-6645','2002-04-28 00:00:00','False','Defender',8987416402,'SMP'),
	('e5e8b403-5adf-4f6e-b2e6-09ca53f0fa8d',NULL,'Patin','Whitrod','166-944-4621','2004-07-23 00:00:00','False','Forward',8023307029,'Sarjana'),
	('fee3c3f2-ddc6-443e-bc13-48246c2d5e01',NULL,'Derrik','Gurney','588-507-4391','2001-06-29 00:00:00','False','Goal Keeper',784758794,'SMP'),
	('bc4b03e1-7e2a-47c5-8121-2b73c62fec84',NULL,'Kipp','Roblou','940-659-6769','2006-08-18 00:00:00','False','Goal Keeper',4669222457,'Sarjana'),
	('ccfc526b-8531-4b6d-97df-97b802a242c3',NULL,'Olvan','Tesseyman','312-915-2539','2006-04-17 00:00:00','False','Defender',7018450519,'SMA'),
	('637a4520-1861-44c2-80ae-adc3d2aca3a7',NULL,'Dante','Filde','525-187-1922','2003-05-01 00:00:00','False','Defender',3552795405,'SMA'),
	('8ddf9b12-555f-4172-b562-cfeb4f0d0578',NULL,'Tuck','Kitney','185-769-0290','2006-06-16 00:00:00','False','Forward',4439030238,'Sarjana'),
	('2f53da2d-e750-4722-83e1-5eb1bf5fdac6',NULL,'Barthel','Carneck','916-959-8966','2004-02-05 00:00:00','False','Defender',8305799581,'SMA'),
	('c80ec417-3214-4a65-94b6-77dd0f1a8246',NULL,'Forster','Giacomini','713-905-2904','2003-02-24 00:00:00','False','Forward',5019140309,'SMA'),
	('65f3cda2-9606-41f5-a6be-bec4975655bb',NULL,'Wheeler','Athow','252-475-1470','2005-09-28 00:00:00','False','Forward',9405935097,'SMP'),
	('f2fc8a7e-30a7-46c3-9046-87a0bca64e2a',NULL,'Meyer','Stanaway','925-626-7240','2002-06-10 00:00:00','False','Goal Keeper',2249526311,'SMP'),
	('0f4afb5b-99c1-450b-a0a1-a25db1764ef0',NULL,'Bat','Groveham','495-566-6028','2004-08-06 00:00:00','False','Midfielder',8367364627,'SMP'),
	('6ab108d1-e9a2-4de8-b029-368b838fd086',NULL,'Fons','Seton','967-900-1609','2006-02-12 00:00:00','False','Forward',7968652723,'Sarjana'),
	('d4081c01-d562-47e2-a922-ccb5b6300394',NULL,'Turner','Tenby','685-139-3144','2000-01-13 00:00:00','False','Forward',5390383508,'SMA'),
	('561bb5ce-fbdc-4ff5-80b5-7160a918e4e4',NULL,'Sayer','Pickworth','844-805-8567','2005-03-10 00:00:00','False','Midfielder',4409113445,'SMP'),
	('b8167ee2-4fb6-4f89-9b54-5a57be8eff22',NULL,'Moshe','Kimmings','538-212-7349','2000-08-16 00:00:00','False','Defender',6695397902,'SMP'),
	('44ccec23-4680-412c-9f1a-efde392ee148',NULL,'Jodie','Hathorn','825-166-6080','2002-01-04 00:00:00','False','Defender',6778948434,'Sarjana'),
	('a1af2699-c909-4c3e-a346-ce0eecb69960',NULL,'Loy','Sedcole','661-846-0382','2000-05-24 00:00:00','False','Midfielder',3242063996,'SMP'),
	('b7112414-2dcb-4926-9156-0eab0a739986',NULL,'Waylon','Vivians','203-405-5567','2000-11-11 00:00:00','False','Goal Keeper',1131314425,'Sarjana'),
	('e8f4c655-97b1-4f74-a580-f264bf5df4d1',NULL,'Dion','Curry','883-822-7592','2006-03-17 00:00:00','False','Defender',9102680637,'Sarjana'),
	('0959f24b-9b3a-4fff-b9a7-1699fcff067d',NULL,'Noach','Morley','574-330-1461','2006-05-06 00:00:00','False','Midfielder',5460913497,'Sarjana'),
	('d64def6b-4604-42ec-861b-4f6403d6ce94',NULL,'Lane','Hair','318-308-6167','2005-04-09 00:00:00','False','Goal Keeper',8929932347,'Sarjana'),
	('f17f002f-19ce-4ec9-9e88-226f55ef872f',NULL,'Heath','McCrossan','584-526-6361','2003-05-12 00:00:00','False','Forward',2497198624,'SMP'),
	('67eced66-dd74-43fc-9e92-bf04af136878',NULL,'Bertrand','Laflin','410-216-9105','2004-10-25 00:00:00','False','Goal Keeper',9816669951,'Sarjana'),
	('e4bb5516-1a84-4308-943f-3144fb6e059c',NULL,'Clement','De Beauchemp','727-136-7628','2002-03-16 00:00:00','False','Defender',829092005,'SMA'),
	('c2756b41-30e4-4270-b2d4-348a0c23ae38',NULL,'Tobias','Eisak','910-812-1367','2003-08-06 00:00:00','False','Goal Keeper',8846843118,'SMA'),
	('349f6130-cfd2-49bf-a166-e40c60620fb8',NULL,'Stefan','Vanyashin','336-499-3283','2001-11-13 00:00:00','False','Forward',1430471948,'SMA'),
	('14995111-60c5-4ab2-969e-540b4c74ad21',NULL,'Quentin','Cranton','786-191-2388','2003-08-14 00:00:00','False','Defender',189158425,'SMA'),
	('70186a22-d57d-485b-b211-896853016d5f',NULL,'Currey','Christofe','731-793-0270','2004-08-25 00:00:00','False','Goal Keeper',5255047465,'SMP'),
	('bb25de89-e739-49bc-9839-4c534210e70f',NULL,'Linc','Trodd','381-331-5295','2005-05-21 00:00:00','False','Forward',4760928103,'SMA'),
	('d0ce40fc-c7e8-4656-8b55-ec1bf00533a3',NULL,'Bryon','Gianinotti','275-780-9134','2004-11-27 00:00:00','False','Goal Keeper',5842187175,'SMA'),
	('4e83abf3-b851-462a-a860-3b066cbb61da',NULL,'Christophorus','Deverson','473-322-1460','2004-09-25 00:00:00','False','Midfielder',8496763757,'SMP'),
	('86df6692-acea-407c-8c58-f5cb3459e775',NULL,'Parsifal','Capaldo','202-669-8501','2004-10-12 00:00:00','False','Midfielder',2510073001,'SMP'),
	('5adcd2dc-3cd9-418f-ac56-25006e5281f6',NULL,'Forrester','Overell','731-700-0641','2006-03-20 00:00:00','False','Goal Keeper',6423053944,'SMP'),
	('dec35bbe-4019-4802-a708-acecc4aef137',NULL,'Allie','Tawse','545-341-1283','2002-10-31 00:00:00','False','Forward',4119547302,'SMP'),
	('7403f55f-4086-4122-ad76-f6ba434a17d6',NULL,'Jeffrey','McMillam','819-501-6166','2001-02-22 00:00:00','False','Midfielder',4837591418,'SMP'),
	('23c028bc-821a-4e42-82dc-154f23b92ca3',NULL,'Shadow','Fedder','203-392-4067','2006-08-20 00:00:00','False','Midfielder',4213324125,'Sarjana'),
	('d0c94601-f2a4-4d2b-b866-5fa55ef4b0ad',NULL,'Immanuel','Vieyra','745-581-5003','2002-03-03 00:00:00','False','Defender',364030747,'Sarjana'),
	('73716aaf-7e9c-41c6-b60a-6b4440a1a1a9',NULL,'Thedric','Titmuss','598-887-4768','2000-09-23 00:00:00','False','Midfielder',5394770581,'SMA'),
	('61ada90a-c945-46a1-845c-5ba72fa85a78',NULL,'Adelbert','Wooles','885-906-8244','2000-08-11 00:00:00','False','Midfielder',9274915101,'SMP'),
	('444740c8-1f16-4af6-a920-40b54442dd13',NULL,'Ricoriki','Guiett','819-768-9907','2001-03-27 00:00:00','False','Defender',278733565,'Sarjana'),
	('4a2d8278-987d-4a8c-b323-01ee10258b1b',NULL,'Ulysses','Cathel','499-967-8647','2002-08-31 00:00:00','False','Forward',1087880505,'SMP'),
	('d7a4383f-3990-4e87-b5a8-a415801bc2b2',NULL,'Klaus','Lawrenson','466-694-4162','2004-12-05 00:00:00','False','Midfielder',7324175511,'SMP'),
	('237f6ec5-26f8-4e40-9b53-5719c968e39d',NULL,'Arie','Bowick','563-933-1894','2001-10-02 00:00:00','False','Goal Keeper',7924412530,'SMA'),
	('f1a025c5-8213-4f94-8dfc-96e8381f34e2',NULL,'Ellis','Walsh','629-800-9144','2001-03-26 00:00:00','False','Midfielder',1920556117,'SMA'),
	('10a46e7f-1dbe-4540-a5d0-0d1a622253b5',NULL,'Clare','Ivanichev','698-990-6885','2001-07-29 00:00:00','False','Goal Keeper',342463942,'Sarjana'),
	('1292d88c-f3e6-45bc-872d-e1e842ff596b',NULL,'Steward','Romero','574-265-5934','2001-04-15 00:00:00','False','Goal Keeper',5685093764,'Sarjana'),
	('cf982944-6997-4005-a8d2-c07484cee315',NULL,'Kristian','Pardue','490-905-0624','2005-09-11 00:00:00','False','Defender',7488514564,'SMP'),
	('72ad9060-955e-4ee2-a37b-35714952878d',NULL,'Saunderson','Doblin','133-622-2017','2004-01-19 00:00:00','False','Midfielder',5695204224,'SMP'),
	('4324a869-4f0a-40e0-8939-7013f4872569',NULL,'Brian','Embleton','512-290-8335','2006-03-28 00:00:00','False','Midfielder',7069089821,'Sarjana'),
	('072ebe65-b78b-4bf2-8693-a2bfd06897dd',NULL,'Alix','Caldecot','729-649-0111','2000-06-15 00:00:00','False','Midfielder',3813589560,'SMA'),
	('c3eb30d8-5395-4150-9b4d-c367c96ab9d1',NULL,'Ervin','Hamley','514-534-4047','2004-02-12 00:00:00','False','Defender',5756133569,'SMA'),
	('4503c16b-adc8-4ee1-b03d-ee8693b53389',NULL,'Granger','Ducker','786-167-8037','2006-02-03 00:00:00','False','Goal Keeper',7308361950,'SMA'),
	('90fd4d7e-8806-4260-a8bf-0b4f49da927a',NULL,'Hilary','Ottiwill','682-510-2182','2003-03-18 00:00:00','False','Midfielder',3066552667,'SMP'),
	('4c86eeaf-b23d-456c-8dcd-6420a61fc35b',NULL,'Sarge','Twitchings','230-823-1602','2002-06-27 00:00:00','False','Goal Keeper',5493931621,'SMA'),
	('9516e0d8-269d-4375-ad8f-c3e65e7519da',NULL,'Gerhardt','Lupton','931-917-9360','2003-01-21 00:00:00','False','Goal Keeper',6721622416,'Sarjana'),
	('aae604ec-d67a-47e3-b5cd-f2f31ed1924f',NULL,'Benedicto','Bastock','378-522-4215','2005-11-11 00:00:00','False','Forward',9772274582,'SMP'),
	('919efd65-93b1-455c-9942-9687ea00c3db',NULL,'Oby','Hadye','846-612-4227','2003-10-26 00:00:00','False','Forward',1061204367,'SMA'),
	('f0b41777-0df2-41c6-b23b-8204c9c830b8',NULL,'Carlin','Eary','512-541-4463','2006-07-24 00:00:00','False','Goal Keeper',191327611,'SMA'),
	('cf8dec35-58ab-4039-b399-44e8bebd4ada',NULL,'Fergus','Spellworth','202-967-0424','2000-07-09 00:00:00','False','Forward',243611358,'Sarjana'),
	('348a6631-f4ad-472c-a438-b87176e6444f',NULL,'Roddy','Klimes','953-152-7282','2001-09-22 00:00:00','False','Goal Keeper',5737404269,'Sarjana'),
	('1e292a88-9fad-43e9-b6c6-5e903d666e5a',NULL,'Carrol','Winterbottom','924-722-9075','2004-05-06 00:00:00','False','Midfielder',6989460881,'SMA'),
	('ac49484a-5d5b-4be2-8a49-d3236ad8c193',NULL,'Hadley','Ielden','467-341-8368','2000-06-07 00:00:00','False','Goal Keeper',1510537694,'Sarjana'),
	('b2825bee-2aef-4756-800e-d56ff420f157',NULL,'Jarid','Goldson','614-753-2418','2001-04-22 00:00:00','False','Defender',1994866454,'SMP'),
	('92b7f2c9-089f-4b41-a046-04d7ac33f19e',NULL,'Manny','Gallihaulk','614-667-5340','2004-09-25 00:00:00','False','Goal Keeper',5648732929,'Sarjana'),
	('3e3961eb-f5cd-46f5-8823-6133595057fc',NULL,'Frederick','Phelan','699-393-1017','2003-12-13 00:00:00','False','Forward',7044670466,'SMP'),
	('70dd99d0-ac1e-47e9-b37d-dd1b0ad6c4ea',NULL,'Patric','Sonschein','827-139-6469','2001-02-15 00:00:00','False','Defender',3465918940,'SMA'),
	('ef674711-8227-4f96-8cf0-7c1a44b1e513',NULL,'Verne','Cawthera','411-324-9414','2005-10-19 00:00:00','False','Forward',1367524881,'SMP'),
	('7ffe6826-138b-4ffa-8e56-008f94679c28',NULL,'Avram','Cruddace','243-303-8044','2001-02-09 00:00:00','False','Defender',7668093796,'SMP'),
	('774a5c22-8cb0-432e-bff7-0f014540b7ac',NULL,'Rand','Loache','284-793-5633','2000-11-25 00:00:00','False','Goal Keeper',7658857343,'SMA'),
	('c3a14e25-aeae-4e72-8a1d-97de8e5e973c',NULL,'Barnabas','Englefield','351-584-6880','2000-10-26 00:00:00','False','Goal Keeper',3868688323,'SMP'),
	('b8329ac3-24e7-4957-a5e0-a7e357b6a7f0',NULL,'Lyon','Mullett','787-191-6459','2005-09-15 00:00:00','False','Forward',6768170864,'SMA'),
	('c4317fbd-6b56-4670-ae44-3b7440688320',NULL,'See','Adrien','176-275-9783','2004-12-12 00:00:00','False','Forward',2144456437,'SMA'),
	('b5028c38-ff3d-48ea-aeb0-39ce616a4905',NULL,'Byrom','Hein','134-759-2572','2002-03-14 00:00:00','False','Midfielder',3028929791,'SMP'),
	('87056f86-253b-498f-8f57-81077cf3d750',NULL,'Alyosha','Amiranda','953-892-4762','2005-11-04 00:00:00','False','Forward',7410985712,'Sarjana'),
	('7acbeed5-7a36-4be5-bd55-5710a7b8bd07',NULL,'Hillary','Eckert','280-171-7058','2003-08-11 00:00:00','False','Goal Keeper',5432276615,'SMA'),
	('092ef2a2-ffa3-472d-8229-85f274c66105',NULL,'Carter','Summerton','208-105-5753','2001-04-27 00:00:00','False','Defender',6782602121,'Sarjana'),
	('ce965d85-af81-436f-90cd-9ac6a63f6685',NULL,'Ralf','Van Oort','505-150-3533','2004-06-22 00:00:00','False','Defender',5471845994,'SMA'),
	('a7abe3de-49f4-4beb-982b-2aea80b94ca9',NULL,'Hillard','Dellenbrok','404-779-0244','2000-11-05 00:00:00','False','Midfielder',9502150252,'Sarjana'),
	('283f3666-1b3f-4263-9dbd-ff72fb0e77db',NULL,'Kelbee','Riehm','349-802-6133','2003-12-05 00:00:00','False','Goal Keeper',9240789839,'Sarjana'),
	('8bb0f145-86a8-40e9-8ec6-5ab9fc7c6b02',NULL,'Esra','Calabry','908-323-4134','2003-07-21 00:00:00','False','Midfielder',1482606488,'Sarjana'),
	('87391074-26e3-4e07-aa9b-1c0c23a630b7',NULL,'Carrol','Poulsum','515-647-4440','2005-06-03 00:00:00','False','Midfielder',9933993119,'Sarjana'),
	('dbc96514-61b8-4c32-ac93-03e1a19caec8',NULL,'Ole','Knappen','676-132-9422','2002-10-13 00:00:00','False','Goal Keeper',5530234143,'Sarjana'),
	('a85a10ee-6856-480d-ac4c-245a1d02b631',NULL,'Gib','Rigby','606-661-2896','2004-12-23 00:00:00','False','Defender',6548234766,'SMA'),
	('434474bd-95cf-4163-a219-81d887a11d41',NULL,'Cchaddie','Deesly','473-814-7460','2006-02-14 00:00:00','False','Goal Keeper',3472131969,'Sarjana'),
	('0683bcd2-622d-4952-814a-66072f3d9413',NULL,'Haven','Mapes','653-353-0169','2005-12-27 00:00:00','False','Forward',6963103089,'SMA'),
	('5a225c76-efd7-4569-8575-fd5a228fdd61',NULL,'Basilius','Randerson','316-509-8971','2002-04-23 00:00:00','False','Midfielder',7147288696,'SMA'),
	('e2ffc138-c542-4317-96a0-7b1e72053aa8',NULL,'Cecil','Corinton','288-577-9552','2006-10-20 00:00:00','False','Goal Keeper',7088772884,'SMP'),
	('c85aa8cb-ef44-4b20-8417-55dbc8269feb',NULL,'Francklyn','Noades','202-646-4711','2002-04-22 00:00:00','False','Forward',9936477790,'SMA'),
	('7fa27dc4-0c55-4e33-bdf4-a865da9af415',NULL,'Rik','Thurley','930-782-4611','2005-02-17 00:00:00','False','Goal Keeper',2056569671,'SMP'),
	('8e8df0d1-12c2-4071-887e-e9f50a931426',NULL,'Sig','Brabin','494-433-5453','2004-05-07 00:00:00','False','Goal Keeper',376493607,'SMA'),
	('6adb0d55-ecd9-4af3-8fdf-24b5149a6e61',NULL,'Cullan','Dunstan','226-149-5837','2000-02-27 00:00:00','False','Defender',2413031073,'Sarjana'),
	('5b5b21ad-c88f-465a-b41c-cb94bbe9764d',NULL,'Lynn','Serraillier','100-195-3663','2003-04-25 00:00:00','False','Midfielder',8253500882,'SMP'),
	('ad73ded1-0385-4ee9-82d7-5a36a14823d8',NULL,'Flynn','Gerin','344-862-3664','2002-09-20 00:00:00','False','Goal Keeper',7701913572,'SMA'),
	('3a5bcd46-ac5b-4b20-a735-0b31edf430d1',NULL,'Gardener','MacDermott','664-934-5029','2003-12-31 00:00:00','False','Goal Keeper',1642236373,'Sarjana'),
	('e6d19b21-3e76-4ba5-b631-537522b1f85c',NULL,'Tobias','Duns','367-334-0272','2000-02-01 00:00:00','False','Goal Keeper',4694366963,'SMP'),
	('d8760de3-daa7-4648-a305-2ea2a3478890',NULL,'Ahmed','Wadeson','828-642-1940','2005-08-07 00:00:00','False','Defender',2780872764,'SMA'),
	('0bab9f15-018b-4647-b5b4-2855b4bb978d',NULL,'Cleavland','Ravenshaw','600-260-1361','2006-02-08 00:00:00','False','Midfielder',6942115630,'Sarjana'),
	('281b8f05-aa0e-4964-81eb-6bfb0c84e9d8',NULL,'Briano','Da Costa','735-109-3375','2006-03-22 00:00:00','False','Midfielder',5970004642,'SMP'),
	('fdeaf1ba-e3e5-4101-b975-04fa57be2e39',NULL,'Benton','Dugget','690-803-5573','2006-09-11 00:00:00','False','Forward',3120555843,'SMA'),
	('5201d437-4816-4877-883f-ac4cd7c4310b',NULL,'Cristobal','Bryer','629-565-7049','2004-08-21 00:00:00','False','Defender',8373410236,'Sarjana'),
	('d3ceb8aa-2b93-44e9-92f1-356794dfad14',NULL,'Jarrod','Aliman','961-493-8626','2002-04-12 00:00:00','False','Forward',1318961424,'SMA'),
	('a706920d-118f-4d1e-b56f-c330fe4d32fb',NULL,'Read','Dockrill','626-626-9399','2002-06-25 00:00:00','False','Goal Keeper',3466154499,'SMP'),
	('9da24ae3-34a4-4832-a691-b8d812536583',NULL,'Georg','Karlmann','933-131-0374','2006-02-18 00:00:00','False','Defender',8866702625,'SMA'),
	('a5611546-eb72-40e5-acb5-b03eb1ae4a63',NULL,'Bartolemo','Peasegod','836-960-2476','2004-09-03 00:00:00','False','Forward',4500577769,'SMP'),
	('491b88d1-4d4a-4ebf-99c8-c1dc4c49a6c0',NULL,'Hy','Brenton','481-352-2237','2005-03-03 00:00:00','False','Midfielder',9681964845,'Sarjana'),
	('5a29ccb1-b24b-4aa4-bc07-e24e95610050',NULL,'Briggs','Lyst','954-176-2762','2002-03-20 00:00:00','False','Forward',7770923476,'SMA'),
	('133b1df4-7768-41d6-aed5-326b49812dc3',NULL,'Elden','Stiling','892-136-0115','2003-05-04 00:00:00','False','Midfielder',9315597966,'SMA'),
	('92392523-17e2-484c-8178-8932ef20213d',NULL,'Weston','Kliemchen','379-116-7978','2003-04-26 00:00:00','False','Forward',9251833486,'Sarjana'),
	('ea19fc6c-98e6-43c7-ad57-3f65c2d5f299',NULL,'Ralf','Stanesby','802-423-9917','2000-12-01 00:00:00','False','Goal Keeper',1085450090,'SMA'),
	('b0f8fb06-c7aa-4b3f-8112-9e50bc5a2424',NULL,'Christiano','Coulton','761-803-1502','2000-10-16 00:00:00','False','Forward',8175761954,'SMP'),
	('56f8de77-be1d-4dc5-8ea4-45eacd5afd7a',NULL,'Norbert','Bernardos','971-936-0486','2003-10-10 00:00:00','False','Defender',306071843,'Sarjana'),
	('0ac7cf91-9271-4d4b-92b7-35332cfc1840',NULL,'Wyatt','Turbill','691-254-2171','2001-12-09 00:00:00','False','Midfielder',7665876560,'SMA'),
	('c1cc835b-3a52-4436-a69c-4cb60916c3f3',NULL,'Ronald','Fieldhouse','557-298-9154','2005-06-08 00:00:00','False','Forward',9267590995,'SMP'),
	('e2696774-c407-4f1c-be9a-e1670aeb62ca',NULL,'Beauregard','Coldham','446-960-9917','2000-02-03 00:00:00','False','Defender',2437672958,'Sarjana'),
	('5fe162db-5b12-45a0-ac50-e577a58ed8d9',NULL,'Foster','Tokley','964-101-3603','2000-05-07 00:00:00','False','Defender',6447233977,'SMA'),
	('645de60d-3eb7-4036-8d51-ef459b905cc1',NULL,'Allyn','Mansfield','402-943-8117','2004-11-10 00:00:00','False','Defender',9163769891,'SMA'),
	('91a2a427-eff8-4b47-8a6e-2beeb6b3e6e3',NULL,'Elliott','Ashfield','940-661-8034','2004-03-28 00:00:00','False','Defender',8526388665,'Sarjana'),
	('6afdf401-aeb1-4f81-82ad-180f25ac7151',NULL,'Jecho','Silliman','449-732-5255','2000-08-29 00:00:00','False','Midfielder',6567083735,'SMP'),
	('85a3a8d4-2680-4e10-85d7-711959d2bdaf',NULL,'Cesare','Dannehl','626-522-0286','2005-03-07 00:00:00','False','Midfielder',5218002925,'Sarjana'),
	('28821e62-cb8f-438b-ac70-eeb28fc150fb',NULL,'Clayson','Lawleff','901-735-7602','2000-11-15 00:00:00','False','Midfielder',5089904014,'SMA'),
	('b5bab1d9-2d93-40ba-b157-17fab3c582a4',NULL,'Laney','Gribbins','770-300-2374','2003-08-12 00:00:00','False','Midfielder',1367010055,'Sarjana'),
	('f0c3b5e4-0254-4bec-a3aa-fc205ed6f318',NULL,'Dom','Fairfoull','350-860-2825','2003-11-25 00:00:00','False','Defender',6092651424,'SMA'),
	('f103d7fe-dd98-4bf2-a04c-e4e1a1b53de5',NULL,'Forbes','Lambotin','791-750-5158','2000-10-18 00:00:00','False','Defender',4882350262,'Sarjana'),
	('7746b1e0-8029-40ac-ac05-b2d5a96de9f1',NULL,'Howard','Barff','978-322-3714','2001-03-05 00:00:00','False','Midfielder',429268068,'SMP'),
	('7f27e369-02d3-4aa5-b97d-3053ad0a3297',NULL,'Hilton','Grainger','293-373-8910','2000-06-16 00:00:00','False','Defender',9080274747,'Sarjana'),
	('2e2a491a-9c3b-4b6d-9b1a-c6e9c37af691',NULL,'Dannel','Prothero','929-189-5358','2002-06-13 00:00:00','False','Goal Keeper',8559300457,'SMP'),
	('0ddf2975-3c24-4014-a958-9aa798d35af6',NULL,'Rooney','Giorgetti','222-649-4318','2005-11-30 00:00:00','False','Goal Keeper',7949004800,'SMA'),
	('35333e4f-c33f-4a11-8f7f-0f7041d2c7e8',NULL,'Hartley','Stevings','433-588-9000','2001-08-31 00:00:00','False','Forward',5272768906,'Sarjana'),
	('3c895e7a-ea17-4b57-85aa-696d99eeef2a',NULL,'Gayelord','Antonik','175-278-1952','2000-06-01 00:00:00','False','Goal Keeper',9755098380,'SMA'),
	('50ab8f55-ebbd-4554-ad22-d3605cb72160',NULL,'Vinnie','Mattioli','470-621-5585','2001-08-14 00:00:00','False','Goal Keeper',4086519879,'Sarjana'),
	('2a4a01b2-b850-41f2-8df4-8d1abb9d65a9',NULL,'Gideon','Lamasna','260-993-3550','2003-11-06 00:00:00','False','Goal Keeper',463665805,'Sarjana'),
	('5e347148-f63a-4bca-bbcd-cf9187260aa3',NULL,'Hewie','Durston','116-100-4217','2001-02-06 00:00:00','False','Forward',9837035641,'SMP'),
	('9917b6f5-7c90-43ea-96b5-25dd4cfe9613',NULL,'Alwin','Grishanov','412-337-2059','2003-05-08 00:00:00','False','Forward',5888717770,'SMA'),
	('76b08f89-79f6-4b6b-b978-5ba8c2edb353',NULL,'Conney','Avo','825-232-5249','2005-06-13 00:00:00','False','Forward',1376801744,'SMP'),
	('550fbb67-51b4-4697-a475-eedbd0aa0d3f',NULL,'Hillery','Purle','544-280-6998','2006-05-18 00:00:00','False','Goal Keeper',5600271417,'SMP'),
	('84cb408a-c607-434b-ab0f-9ae3a5879572',NULL,'Traver','Crow','778-220-6742','2005-01-04 00:00:00','False','Forward',6938574545,'SMA'),
	('5c281a84-e4d9-424b-bb4b-3aff92f4bfb9',NULL,'Thurstan','Hartford','243-420-7306','2004-07-01 00:00:00','False','Defender',223239348,'Sarjana'),
	('63cda93b-247d-4628-8757-92fd63e519e5',NULL,'Jim','Grantham','525-721-4109','2001-03-18 00:00:00','False','Forward',5675332340,'Sarjana'),
	('c1a4a5f1-af31-4fcc-ad16-8defa8d10879',NULL,'Fabien','O'' Hern','384-626-1275','2002-07-18 00:00:00','False','Defender',4637026598,'SMP'),
	('1d638b86-6024-4e56-acf5-5b934458222d',NULL,'Alec','Rostern','189-859-8990','2004-06-29 00:00:00','False','Goal Keeper',3512344747,'Sarjana'),
	('b3c88a1d-d919-48dd-8de1-e485557a5d98',NULL,'Harper','Doudny','770-172-7501','2003-07-16 00:00:00','False','Forward',9003965137,'SMP'),
	('2b8b1e55-9789-4f73-a633-6bbcb6aff836',NULL,'Eal','Yeowell','821-278-1823','2000-11-12 00:00:00','False','Goal Keeper',2768472387,'SMP'),
	('ae75139a-c386-48ed-990a-8ff65ad75a68',NULL,'Grantley','Gabotti','680-793-6874','2000-08-05 00:00:00','False','Forward',4445210021,'SMA'),
	('913a69b9-9971-4aec-9073-9949d7a04833',NULL,'Hew','Netley','722-260-5123','2005-04-23 00:00:00','False','Midfielder',6823816716,'SMP'),
	('d58ee95b-112f-44bc-98e5-0ed8544470a8',NULL,'Cam','Chippindale','684-378-3698','2005-01-03 00:00:00','False','Forward',4854741112,'SMA'),
	('2501543b-d7b9-4ba1-b207-491cdf409dee',NULL,'Theobald','Blackborne','694-428-7019','2002-05-15 00:00:00','False','Goal Keeper',168837102,'Sarjana'),
	('e9378f68-b4dd-4571-bb21-c88a3ffdba96',NULL,'Taddeo','Collumbell','476-347-1218','2005-04-01 00:00:00','False','Defender',9111290110,'SMA'),
	('695ecf5d-5f25-4c30-9915-5d18c770785c',NULL,'Scarface','Tuddall','729-893-5025','2004-07-24 00:00:00','False','Forward',6654168593,'SMA'),
	('dbee962a-7dcb-4a8c-84c7-9febef32e41b',NULL,'Nappie','Guerre','136-593-3285','2002-06-06 00:00:00','False','Defender',1972487639,'SMP'),
	('38396149-05cd-4a82-9a81-0d3d1c779ee7',NULL,'Norry','Antoniak','510-905-8743','2005-11-06 00:00:00','False','Forward',724875794,'SMA'),
	('5d6f3333-5188-4666-bb54-fc389ff6d808',NULL,'Barnie','Chaloner','553-632-8111','2006-12-22 00:00:00','False','Defender',1710591641,'Sarjana'),
	('a7c26421-08a2-4be7-9c1b-9c84c51b8cd7',NULL,'Nat','Maddams','652-554-6072','2004-04-01 00:00:00','False','Goal Keeper',5482510018,'Sarjana'),
	('79d5be05-c138-4853-aa39-040db7573aa8',NULL,'Blayne','Janus','388-523-0424','2004-11-02 00:00:00','False','Midfielder',3672293334,'Sarjana'),
	('1f5f19ed-37d8-4caf-9c3b-b904dfd40a15',NULL,'Ringo','Ingyon','789-608-1702','2002-07-31 00:00:00','False','Midfielder',4526620173,'SMP'),
	('09d760ac-4bd1-40b2-a056-ac286b07d728',NULL,'Alexandr','Doddemeade','305-496-8531','2001-10-28 00:00:00','False','Forward',4884190122,'Sarjana'),
	('bb0a3c02-0cf0-4ce1-9c49-679af2e4301e',NULL,'Niccolo','MacShirie','504-916-4410','2003-12-22 00:00:00','False','Defender',9119411065,'Sarjana'),
	('89500984-c21a-4782-80fa-5911d6872ea0',NULL,'Barth','Suttaby','722-217-9606','2001-11-02 00:00:00','False','Forward',3248212691,'SMA'),
	('795a3a9a-7cf0-4e0c-8494-164882943af2',NULL,'Gaile','Ainslie','806-216-7472','2001-11-24 00:00:00','False','Defender',2998291457,'Sarjana'),
	('e1adb318-fc77-44a2-96aa-7ad757a7f01c',NULL,'Fairfax','Robertsson','277-145-7279','2000-07-18 00:00:00','False','Goal Keeper',360716954,'SMA'),
	('b6911ae5-5cb2-42c6-81a2-e88742610785',NULL,'Doug','Kinnear','753-877-2167','2006-04-17 00:00:00','False','Forward',2204612634,'SMP'),
	('4ac3ed89-420e-47c3-9c1e-6583c703f6d2',NULL,'Carlie','Yendle','732-363-0021','2001-12-11 00:00:00','False','Midfielder',8632118226,'Sarjana'),
	('955e40e3-b7e6-4f72-ae31-a05048458491',NULL,'Demott','Heeney','795-263-7484','2005-10-15 00:00:00','False','Defender',1129298019,'Sarjana'),
	('f97660af-6d08-4218-b6fc-2f19e46b6d10',NULL,'Cornall','Riteley','217-226-4477','2004-09-30 00:00:00','False','Forward',9182072736,'SMA'),
	('50938cdb-d2f5-409c-86df-9542944b879a',NULL,'Nial','Guyon','202-622-4606','2005-08-05 00:00:00','False','Defender',3586922752,'SMA'),
	('742a530c-ba3b-477a-98c0-171c1d39521e',NULL,'Gilles','Gartery','231-540-3244','2003-09-07 00:00:00','False','Midfielder',7305046442,'Sarjana'),
	('33675d76-86a4-4637-af8b-4d35abcce150',NULL,'Timotheus','Shimon','651-561-2771','2002-03-11 00:00:00','False','Forward',4082810242,'Sarjana'),
	('256cb8da-4f07-4508-b0c3-b2978dcc75db',NULL,'Darrick','Threadgill','380-577-7268','2006-06-10 00:00:00','False','Midfielder',8408191330,'Sarjana'),
	('fb9c1151-aa1b-43d4-a878-38d08151c7fa',NULL,'Alasdair','Pairpoint','574-812-9422','2001-08-24 00:00:00','False','Defender',7299719053,'SMP'),
	('7cfa5391-8cc3-4282-ba47-9eac31a27c05',NULL,'Reynolds','Bugdale','382-176-8939','2000-07-01 00:00:00','False','Midfielder',6422177658,'SMA'),
	('44ee1326-9e93-415d-aa81-7a50eb332160',NULL,'Ricky','Hastie','899-155-3715','2006-04-28 00:00:00','False','Forward',3907528670,'SMA'),
	('e985bee4-2519-4059-891a-423c2419d8ff',NULL,'Cly','Phelp','330-621-1559','2003-01-18 00:00:00','False','Goal Keeper',313120919,'Sarjana'),
	('01ba4b37-b3ba-4384-be8e-56590befb341',NULL,'Sammie','Rameau','267-447-7323','2001-08-14 00:00:00','False','Defender',7042202813,'Sarjana'),
	('26da426f-8204-4f26-8d79-f1ed7390e5e2',NULL,'Shannan','Gaynor','469-110-6542','2006-04-19 00:00:00','False','Goal Keeper',9040612692,'Sarjana'),
	('dfb6abfb-5cd8-469d-89fc-3c24da2eff4f',NULL,'Joseito','Dybell','158-539-0176','2000-03-05 00:00:00','False','Forward',555904180,'Sarjana'),
	('ecc26d99-ca56-4816-ae8b-a9c9f0567398',NULL,'Arthur','McMurraya','598-224-6278','2004-09-02 00:00:00','False','Forward',7043083737,'Sarjana'),
	('82c03693-c728-4ffc-b004-7b4913c22ee5',NULL,'Efren','Pedden','465-910-1244','2001-05-05 00:00:00','False','Goal Keeper',8751877996,'SMP'),
	('28e0c3f8-97ad-487e-8593-b668acfdcf08',NULL,'Timmie','Pylkynyton','796-236-0287','2004-06-01 00:00:00','False','Goal Keeper',2928332766,'SMP'),
	('2acedaee-ac89-4de9-beae-4de8ec9c7382',NULL,'Nate','Cosgrove','579-578-0387','2000-07-30 00:00:00','False','Goal Keeper',9949700957,'Sarjana'),
	('7e0f6da8-54a1-4e1b-92fb-6928be0c4ae6',NULL,'Mickey','Shurrock','355-564-0605','2005-10-14 00:00:00','False','Forward',3894141069,'Sarjana'),
	('83f0d8e2-c215-47d7-bec4-a0566c2e24fb',NULL,'Rolph','Gilleon','632-396-7468','2006-01-18 00:00:00','False','Forward',1296877264,'SMA'),
	('9644bdca-4ae7-422e-b7c2-d9fd20ea23b6',NULL,'Gerhard','Trowler','837-831-0607','2001-02-07 00:00:00','False','Forward',6449569840,'Sarjana'),
	('1a752f9a-b733-4571-877c-32765453f571',NULL,'Ewell','Deeming','862-159-8918','2003-12-07 00:00:00','False','Defender',3535215013,'SMA'),
	('fb3acdd9-9995-4593-8941-077b070406bb',NULL,'Tad','Broster','447-899-6161','2005-01-09 00:00:00','False','Forward',8573550635,'SMA'),
	('ba0f549e-31ca-4004-8fd8-de67d6426f40',NULL,'Patsy','Andrusyak','869-274-9417','2005-03-16 00:00:00','False','Goal Keeper',5258349241,'SMA'),
	('f400abc7-0ef5-4bea-b5c0-003973755f65',NULL,'Rip','Hardson','515-658-3528','2002-12-18 00:00:00','False','Forward',3657220437,'SMA'),
	('49fc5f7d-61d3-46cd-9302-47e05b0e1863',NULL,'Gaven','Olifard','428-976-9596','2004-07-30 00:00:00','False','Defender',2284936474,'SMP'),
	('08987eb7-c53a-4ea0-8a03-98e85b5a778d',NULL,'Benjamen','Napier','689-553-2068','2005-09-30 00:00:00','False','Midfielder',3678415091,'SMA'),
	('aa910e53-ed52-400e-9813-80d3dd08982a',NULL,'Rand','Lumsden','923-689-0261','2002-11-06 00:00:00','False','Midfielder',3312882478,'SMA'),
	('73f0acc0-43d6-426a-895b-531f30754eb5',NULL,'Gorden','Lodder','895-258-4864','2005-06-03 00:00:00','False','Defender',4088584341,'SMA'),
	('6a6cfde9-fba8-4050-a237-c00de2815ea6',NULL,'Bern','Schoales','634-804-9649','2005-12-17 00:00:00','False','Defender',6460054592,'SMP'),
	('04540256-589e-45c4-8401-d7a6adab1fd5',NULL,'Hamish','Barringer','503-657-4444','2002-10-13 00:00:00','False','Goal Keeper',5080548045,'SMP'),
	('ce553a40-d000-4c71-a1ac-b1e295129e89',NULL,'Wallace','Pie','616-521-3220','2004-07-30 00:00:00','False','Defender',5248968836,'SMP'),
	('5a98758a-1617-4fd5-951d-ea5dd1558de6',NULL,'Wallace','Longforth','964-365-3373','2000-01-06 00:00:00','False','Midfielder',5910218018,'Sarjana'),
	('6ba44b99-4ccc-4ebb-af3f-dccc426b68f5',NULL,'Arturo','O'' Mulderrig','664-191-8964','2003-07-15 00:00:00','False','Goal Keeper',3730141015,'SMA'),
	('1df89f01-3694-4574-b9e7-bdf9ff26eda7',NULL,'Trueman','Saywell','727-462-2801','2004-06-04 00:00:00','False','Defender',5315941981,'Sarjana'),
	('a8474047-3305-428c-bedf-7c0b08f4a342',NULL,'Cosme','Barham','461-882-1021','2003-06-20 00:00:00','False','Defender',8078249063,'Sarjana'),
	('92fc6bb0-9525-4777-b1ea-0b6c6fc0f975',NULL,'Hunt','Ottam','976-329-9412','2004-05-20 00:00:00','False','Forward',54726883,'SMP'),
	('150ca8fa-2eba-4b83-b599-11ee6b077cbf',NULL,'Lyle','Blore','822-862-0909','2003-07-08 00:00:00','False','Midfielder',3841936709,'SMP'),
	('db8bcc31-b92e-4288-9432-52a00b6c5625',NULL,'Timmy','Dubble','916-496-7579','2000-02-07 00:00:00','False','Goal Keeper',9690330314,'SMP'),
	('67c15832-574c-4a9d-a903-1f455a0a7a2c',NULL,'Sanders','L'' Anglois','914-135-4658','2005-02-10 00:00:00','False','Forward',8937419572,'SMP'),
	('4c8274b8-45a0-4a0f-a688-b113448216c6',NULL,'Paco','Minot','220-630-7535','2003-09-04 00:00:00','False','Forward',2639677853,'Sarjana'),
	('3727698f-35ca-42ec-892f-f22402ac1f61',NULL,'Heath','Thomassen','560-187-0033','2000-04-01 00:00:00','False','Defender',5995236482,'SMP'),
	('b6977b6a-3449-4fab-acf1-58bc38e27d9f',NULL,'Reinaldo','Packer','521-142-6480','2001-08-01 00:00:00','False','Midfielder',8487445055,'SMA'),
	('2a365b4c-cdc2-47ab-a6e7-322c0db19c67',NULL,'Cozmo','Flori','101-918-9621','2003-12-09 00:00:00','False','Defender',3310346099,'Sarjana'),
	('e0a45d0c-5830-49dd-83d5-acc5d8c62de5',NULL,'Ode','Bentjens','177-619-8650','2000-04-06 00:00:00','False','Defender',5023689948,'Sarjana'),
	('753e8d56-8dd4-47f4-801d-7b446ab70c61',NULL,'Rolando','Battleson','993-867-9740','2003-10-09 00:00:00','False','Defender',7453254744,'SMP'),
	('921d9608-5f72-4ab8-9acd-8fd9e6b1b0d4',NULL,'Morie','Purbrick','570-230-5824','2006-12-27 00:00:00','False','Defender',3684446734,'SMP'),
	('0fa13b1b-5d56-4865-92a1-59e69bddc16a',NULL,'Muhammad','Dodell','377-377-7430','2001-06-06 00:00:00','False','Forward',9695098320,'SMA'),
	('ed3b22a1-71ac-47ae-903f-a9708549549b',NULL,'Marlow','Rodriguez','390-770-4848','2006-01-27 00:00:00','False','Midfielder',6425940727,'SMP'),
	('bcc83af1-4362-46da-ab4f-1c9fdad5cbfd',NULL,'Akim','Yakovlev','889-462-6588','2006-08-15 00:00:00','False','Goal Keeper',7373182593,'SMP'),
	('6fecb215-a6e6-4f05-9f63-f9d25aec29df',NULL,'Elvis','Revey','895-909-9228','2005-08-21 00:00:00','False','Defender',202231402,'SMA'),
	('6c9a4180-167c-4f4b-9f49-893e30775889',NULL,'Iain','Shaplin','854-405-8710','2001-02-25 00:00:00','False','Forward',3758878691,'SMP'),
	('9fce872f-1628-44d2-b331-b3e8aea25c60',NULL,'Worth','Massei','712-688-4034','2001-11-23 00:00:00','False','Midfielder',3287305956,'SMA'),
	('6426f54a-dac0-4abd-b50e-3c81caaba2a8',NULL,'Joaquin','Padbery','695-345-0037','2003-05-08 00:00:00','False','Forward',6207857445,'SMP'),
	('9ca7efd3-5660-40b2-9347-a31df936ad56',NULL,'Laney','Upward','215-186-2921','2001-09-24 00:00:00','False','Midfielder',2069998371,'SMP'),
	('3dc21709-749e-4827-9890-6f14c241d219',NULL,'Bord','Whisson','238-970-3363','2004-10-31 00:00:00','False','Goal Keeper',6313039025,'SMP'),
	('88bf2f14-b2cc-4ee0-ae77-7c635b49eecd',NULL,'Pail','Jerams','406-636-0169','2001-09-27 00:00:00','False','Forward',411367234,'Sarjana'),
	('d13c88f3-9ce3-4f86-9c04-fbf3eb3ba8f5',NULL,'Baxy','Tulip','216-225-6027','2002-03-11 00:00:00','False','Forward',6214446315,'SMP'),
	('049f2f6d-f316-4d49-880d-5f4cfb3e8e79',NULL,'Dana','Duff','887-290-8148','2001-07-19 00:00:00','False','Goal Keeper',5382324867,'SMA'),
	('341ee45f-f1b7-4dbf-8d4b-afe33067a19d',NULL,'Hurlee','Jerke','566-255-8977','2000-08-10 00:00:00','False','Midfielder',8144914082,'Sarjana'),
	('a5983a3b-31df-44c7-ba30-fda1dbb8690c',NULL,'Redford','Mallebone','712-796-2781','2002-02-25 00:00:00','False','Goal Keeper',7054019490,'SMP'),
	('3ce72795-7b33-4d1e-81d4-a8e1c0307c47',NULL,'Ramsay','Tackley','726-556-5864','2000-12-03 00:00:00','False','Defender',4739360926,'SMP'),
	('1d31b2e3-c5e2-49ee-9d49-7288e94bf7ee',NULL,'Nigel','Arnauduc','600-285-4722','2005-10-17 00:00:00','False','Defender',2943420476,'SMP'),
	('266ae5ee-7bab-461f-9b0b-de6d879349fb',NULL,'Blayne','Paniman','859-359-9353','2004-01-27 00:00:00','False','Forward',8652132224,'SMP'),
	('0d83bf6f-1690-4b8e-a8ff-f771ce76feaa',NULL,'Joshua','Cooke','293-233-2965','2003-01-21 00:00:00','False','Defender',5798611396,'Sarjana'),
	('64b5fd96-e7cf-4a18-a98a-55e21dc763b7',NULL,'Turner','Glasby','644-174-2349','2004-06-12 00:00:00','False','Goal Keeper',892034920,'SMP'),
	('e9499d70-6f9d-41c8-82e5-6f732b2efe27',NULL,'Brander','McCullogh','628-644-8038','2003-12-14 00:00:00','False','Goal Keeper',9763882486,'SMP'),
	('97287cef-d5a0-4b17-9f31-ad9f2334f706',NULL,'Mortie','Quaintance','709-808-0678','2000-08-16 00:00:00','False','Defender',3819718028,'SMA'),
	('bff6aaa1-db8c-44e1-8d90-ba2962b63d28',NULL,'Wayne','MacAndrew','233-581-9150','2003-12-06 00:00:00','False','Forward',5511581747,'Sarjana'),
	('6736c99b-3f76-461e-ae82-421a5b74d242',NULL,'Bordie','Wales','647-466-5647','2001-10-15 00:00:00','False','Goal Keeper',1023773066,'Sarjana'),
	('417ad443-c48b-4e84-8fec-05dd6eb3c069',NULL,'Clyde','Soigoux','224-142-9385','2000-08-30 00:00:00','False','Defender',4846646246,'SMA'),
	('92beade2-0a89-4cee-ac11-554e75b5aad4',NULL,'Murvyn','Hardiman','835-219-6163','2003-05-21 00:00:00','False','Forward',7466174116,'SMP'),
	('62cc82fe-a663-4e95-b6f9-3510233684cf',NULL,'Emlyn','Norbury','613-955-5065','2004-05-01 00:00:00','False','Midfielder',6186817180,'SMP'),
	('f6bfc386-d35b-4c04-9319-2a1e919b7384',NULL,'Odie','Vousden','462-191-1456','2006-12-26 00:00:00','False','Midfielder',6314466806,'SMP'),
	('a91ac248-17d1-44a4-9152-b64708d3f654',NULL,'Stirling','McKeachie','358-976-7461','2006-04-22 00:00:00','False','Defender',2321151234,'SMP'),
	('7cb9b213-2ca6-49bb-8311-454cb7d13367',NULL,'Stevy','Tolossi','911-879-9644','2005-09-18 00:00:00','False','Goal Keeper',8532592880,'Sarjana'),
	('2300b50b-9494-4f9e-91a3-1ffead7bd3cc',NULL,'Jarrod','Kupis','116-350-7966','2004-10-27 00:00:00','False','Forward',1465441026,'Sarjana'),
	('d6fb6c49-a883-46c8-a53e-b55bfca715d0',NULL,'Cash','Lansdowne','381-359-9375','2006-02-27 00:00:00','False','Forward',907922309,'Sarjana'),
	('ee4af856-0123-4c6e-93a1-776e36f491e9',NULL,'Hyman','Elliott','338-154-4702','2006-08-14 00:00:00','False','Forward',2507789972,'SMA'),
	('86934a55-b371-4cd4-8dc8-b946d6b9d935',NULL,'Kilian','Aviss','157-405-6038','2000-10-02 00:00:00','False','Defender',8244093358,'SMA'),
	('b44c468e-8b54-4b48-8c72-0f453ce77571',NULL,'Clim','Christou','189-473-1801','2000-12-05 00:00:00','False','Midfielder',1331240107,'SMA'),
	('8776cb3d-9745-44ce-af93-4b0eadc13236',NULL,'Jone','Mouatt','809-184-6059','2005-09-11 00:00:00','False','Defender',73410187,'Sarjana'),
	('6cc0be52-79d7-420a-800d-e3f1fbfaa9e4',NULL,'Harland','Whatham','476-821-6884','2005-09-19 00:00:00','False','Defender',7568938492,'SMA'),
	('33d4eb66-88f1-42b4-9ca6-39e512efa50d',NULL,'Aksel','Creelman','189-106-6696','2001-09-24 00:00:00','False','Midfielder',3425335847,'SMA'),
	('4d1fca8e-e826-4d81-acb9-9725004c34b1',NULL,'Tan','Harses','623-650-7062','2006-05-18 00:00:00','False','Goal Keeper',8174060499,'SMA'),
	('be2c7782-4649-4d55-bc49-148cbca767cd',NULL,'Valle','Penley','651-182-4731','2006-12-14 00:00:00','False','Forward',1510039635,'SMP'),
	('c9b0eafb-05b9-41d7-ad90-3832c3e861e8',NULL,'Cooper','Farnin','436-959-1007','2005-09-12 00:00:00','False','Forward',3339595607,'SMP'),
	('3a2de74d-029e-46cd-8b83-0655be24227b',NULL,'Sawyer','Joannet','455-713-2257','2006-09-09 00:00:00','False','Midfielder',5184330399,'SMP'),
	('d3306ffa-5fba-442b-81a1-b93ea0739d13',NULL,'Riobard','McDugal','761-357-0999','2001-04-08 00:00:00','False','Midfielder',4628668396,'SMA'),
	('e1a3cb91-c519-4c68-b72e-9937f518777a',NULL,'Rudie','Dreinan','185-696-6950','2000-10-07 00:00:00','False','Defender',1001734130,'Sarjana');

INSERT INTO NON_PEMAIN VALUES ('8e50c0ee-6c7e-4e6e-9953-c4412e78361b','Drugi','Toft','334-560-5393','dtoft0@drupal.org','755 American Point'),
	('db97cf38-6b3e-4d31-a13e-45eba15d77e4','Lucille','Wilhelmy','114-601-6365','lwilhelmy1@toplist.cz','58083 Shelley Trail'),
	('81c5283e-9497-473c-96f1-2c6c25f7c01b','Waite','Siddeley','193-309-1397','wsiddeley2@bloglovin.com','61169 Bluestem Parkway'),
	('eb1eb177-cd63-46d2-888a-59a39a1bed38','Anni','Codd','299-203-3576','acodd3@ucla.edu','404 Loomis Trail'),
	('daf71be5-344b-41d6-a414-10386fba6827','Chryste','Teggin','731-375-6787','cteggin4@godaddy.com','661 Porter Lane'),
	('d5e21a57-b808-4cc4-9909-d32320ecde70','Wendeline','Bassford','644-592-4664','wbassford5@posterous.com','87496 Harper Park'),
	('a862d10c-34eb-4b7d-8a36-8ba495e97fb1','Pam','O''Kuddyhy','368-458-5691','pokuddyhy6@discuz.net','0131 Farmco Drive'),
	('99a5029a-47c4-4573-bf7c-fc7ec99ffb64','Sibella','Hampshaw','877-308-5347','shampshaw7@miitbeian.gov.cn','70150 Packers Way'),
	('c56a7ab4-6909-4453-b217-4a02a3e122ec','Andre','Pipet','349-639-6804','apipet8@amazon.com','567 Riverside Hill'),
	('f4365f63-ea1c-4735-a1fd-4e6b33a922c1','Clemmy','Van der Kruis','675-917-1878','cvanderkruis9@amazon.co.uk','8597 Starling Place'),
	('f272080f-8d52-4835-8638-d12c661520f7','Truda','Oxe','979-980-5135','toxea@spiegel.de','2 Golf Court'),
	('a81bde64-7f4b-41a3-9758-c3f8de72e03e','Rutger','Crockatt','831-317-8165','rcrockattb@nymag.com','10 Dryden Plaza'),
	('4a7c489e-524c-4cc4-9448-09d478a307cc','Irvin','Lowre','318-271-7617','ilowrec@fema.gov','638 Becker Street'),
	('678eb44f-89ae-4d94-a454-d42765980b1c','Veradis','Cyples','300-141-6165','vcyplesd@mayoclinic.com','94392 Sloan Way'),
	('26f152ea-c2e0-4b0a-ad25-70032c570de1','Raymund','Cogger','823-100-9898','rcoggere@mlb.com','53376 Veith Terrace'),
	('c88e11a2-01a8-4ea8-94bd-900872b9c9bd','Denny','Vaneschi','314-998-2155','dvaneschif@columbia.edu','06059 Merchant Avenue'),
	('1b817788-2e26-4047-9c22-2fb94564aa50','Hammad','McIlmurray','720-904-8403','hmcilmurrayg@latimes.com','49203 Trailsway Junction'),
	('171566a2-8f1c-4163-9229-9743ac3f584d','Carney','Elam','469-746-9533','celamh@jiathis.com','1 Ridge Oak Terrace'),
	('e359b0fb-5cdb-484b-b216-3eb2b8bd75dd','Faina','Sharratt','106-952-3548','fsharratti@pcworld.com','4042 Tomscot Plaza'),
	('c8627eb3-4f75-4149-99d5-4dc5c34badd7','Uri','Aronson','785-971-5287','uaronsonj@wikimedia.org','11796 Troy Center'),
	('ec41aa7f-7df9-44f1-bf27-da830ae7c1c9','Ellie','Ranson','218-118-2574','eransonk@gmpg.org','173 Tennyson Drive'),
	('21f817f0-2e3a-480f-8095-7c704c25e0ef','Lonnie','Pindred','690-988-0857','lpindredl@nationalgeographic.com','91324 Holmberg Plaza'),
	('aca382d9-7878-4157-91c7-276918ea0b9b','Johnny','Greedy','994-614-8000','jgreedym@qq.com','87874 1st Trail'),
	('938bc1aa-917d-4217-b338-60cdd1c3e8b9','Salaidh','Milligan','380-144-2636','smilligann@stumbleupon.com','44 Texas Terrace'),
	('31384a34-6f9d-483e-abdf-1bbe262efc2c','Rod','Kordovani','868-423-5939','rkordovanio@earthlink.net','95234 Muir Terrace'),
	('617448fa-52e9-46f1-bc57-b34f4b912cd0','Susanna','Sprowson','254-703-7837','ssprowsonp@symantec.com','48 Esker Hill'),
	('6919b401-d773-4bdf-8b9d-24cc921fe824','Kylie','Belson','324-627-2805','kbelsonq@imdb.com','70 Oneill Way'),
	('9c157965-5ede-420c-b881-cc37a0b5add9','Adamo','Brizell','906-620-9981','abrizellr@people.com.cn','62484 Grasskamp Court'),
	('7600f2c3-c7c0-4666-bf70-d561e901da04','Gabi','Brede','365-664-4499','gbredes@yandex.ru','69726 Kensington Street'),
	('a7187293-d94e-4af0-b436-905382c00caf','Ruggiero','Renols','590-565-1423','rrenolst@oracle.com','598 Welch Crossing'),
	('8c6bbb26-04d6-486f-a27c-1a5f01ac8eaf','Keenan','Fabbri','573-161-0866','kfabbriu@nytimes.com','2 Carpenter Terrace'),
	('c96ef9e9-f559-4de8-a126-8a31c20cb1a5','Norry','Coade','622-246-5290','ncoadev@wired.com','7 Forest Dale Junction'),
	('1c09d021-5df2-4b4f-ac1b-e6025405010b','Pepillo','Macklam','282-330-7066','pmacklamw@harvard.edu','15 Nevada Junction'),
	('63325966-a477-4e0f-926f-b3e0f98abf1a','Alameda','Gulliford','551-420-6699','agullifordx@google.de','81147 Darwin Hill'),
	('33339169-af90-4c1f-ad26-62044801e866','Ilario','Dobbinson','912-220-4582','idobbinsony@pinterest.com','5 Superior Drive'),
	('c1e53646-8ae9-4f99-9459-769200211400','Shermy','Blanden','321-936-9270','sblandenz@last.fm','224 Dayton Way'),
	('327dce8f-dc78-4691-9500-513e96cc4b7e','Dur','Fierro','755-796-3144','dfierro10@histats.com','779 Sullivan Pass'),
	('2d48724b-8fba-40f3-a90c-b58215b68a1d','Brenden','Demangel','113-691-0819','bdemangel11@guardian.co.uk','40 Hermina Way'),
	('9b77cad3-889c-4050-bc09-b85019f4ba7e','Ali','Verheyden','510-838-2765','averheyden12@bloglovin.com','89 Forest Dale Drive'),
	('b11ebdaa-d5ce-4552-8fc7-5d0f8ae6468e','Constancy','Walklate','726-709-0104','cwalklate13@gizmodo.com','5483 Nancy Avenue'),
	('588a11d3-6397-4fa0-8d48-7da97cd59538','Caro','Schenkel','556-641-1393','cschenkel14@hao123.com','9629 Brickson Park Junction'),
	('3eaac03d-8c86-4922-a104-773d9e3ab25f','Dorree','Martineau','150-390-3119','dmartineau15@creativecommons.org','1282 Ridge Oak Hill'),
	('c02f6893-b7f5-45ac-b104-7186ae0f3bc6','Maximilianus','Gaynes','234-489-1487','mgaynes16@joomla.org','7 Schiller Street'),
	('5263d9a0-bb3e-4e05-86a6-5dcaf8a37f76','Emlen','Bradneck','620-370-0288','ebradneck17@google.com.au','1 Montana Hill'),
	('3e2e009c-3842-4caa-a045-4067eaa5aa2d','Alvis','Venners','897-963-8967','avenners18@xinhuanet.com','3 Delladonna Street'),
	('a97ef2dc-a731-4452-9eb1-c6c5b070b899','Theodosia','Tiddy','754-977-7207','ttiddy19@cnbc.com','94 Spenser Parkway'),
	('4358bb31-b7d0-4198-9ab2-1214f27bf8a3','Mariska','Godart','781-281-0551','mgodart1a@cmu.edu','322 Hooker Trail'),
	('01c1864c-7f75-42c6-a59b-c6449f015cc4','Danella','Pietrzyk','643-884-4769','dpietrzyk1b@nytimes.com','617 Cardinal Terrace'),
	('e423fa39-c812-4fc7-b6c1-857105a470bf','Amberly','Avramovic','345-909-7017','aavramovic1c@europa.eu','3981 Reinke Avenue'),
	('993fd015-b9e4-40fc-8ff4-f259baa91087','Dasi','Baughen','244-547-1285','dbaughen1d@goodreads.com','074 Arkansas Hill'),
	('58fe9fc5-a92f-4c0b-8b33-75239972f046','Hadlee','Cathersides','836-740-3528','hcathersides1e@indiatimes.com','029 Artisan Alley'),
	('ee37a50f-e6d7-4d35-ba62-4ae4d27dd137','Gipsy','Beathem','730-562-0026','gbeathem1f@java.com','7 Huxley Park'),
	('96caffdd-be3b-489a-af67-1f1c6c0d24ff','Monty','Heeran','427-597-4764','mheeran1g@hibu.com','3 Jackson Lane'),
	('0fe20e6b-183b-4e6e-9adc-dd2241188ce0','Nichol','Burnep','365-738-1986','nburnep1h@icio.us','717 Riverside Place'),
	('8e0f8b2e-c9f7-4e50-a39f-9c788b889ae5','Shaylynn','Riguard','359-535-7838','sriguard1i@networkadvertising.org','8 Banding Plaza'),
	('5b84b2f3-00aa-4f78-9f87-68fa9273cace','Owen','Karlowicz','132-166-3172','okarlowicz1j@networkadvertising.org','11 Milwaukee Street'),
	('e21d9c28-6b11-4b28-8ea4-e074b1c93d6c','Ruthie','Urwen','590-987-9579','rurwen1k@dropbox.com','7939 Shasta Drive'),
	('f5a87698-5dd6-42d1-adff-9b4f858e9e6c','Eleen','Wynes','638-940-9713','ewynes1l@imdb.com','2487 Thompson Circle'),
	('3496012f-0710-4b43-b1a3-b0e696df4829','Dori','Henrot','887-597-9200','dhenrot1m@w3.org','8660 Goodland Way'),
	('4a41174a-5e1c-43e2-8218-1c5fdbad8484','Mikel','Izatt','818-672-3348','mizatt1n@webs.com','31756 Petterle Terrace'),
	('6fb35beb-359c-43e7-8b22-76512726ab05','Glenn','Ibbitson','697-557-3019','gibbitson1o@vk.com','22117 Porter Terrace'),
	('a2951243-c7f8-4607-b07b-7c47bfd533c9','Torrie','Reany','135-891-2835','treany1p@gmpg.org','7055 Fisk Center'),
	('f143a09e-f97c-46e9-ab6f-322820da3c90','Fidel','Gairdner','135-109-6419','fgairdner1q@pen.io','32 Rockefeller Alley'),
	('57984a1c-da38-44fa-aa05-9fcbae5549db','Cos','Quirke','773-468-4095','cquirke1r@tamu.edu','5720 Pierstorff Hill'),
	('8f61e1ea-f03a-4fe8-b782-588d9337ab42','Gardner','Brandham','562-202-3677','gbrandham1s@msn.com','0 Mariners Cove Drive'),
	('33a2985d-3f03-4850-abe6-bb50bad8be42','Rik','Morsey','723-240-3401','rmorsey1t@walmart.com','7686 Northfield Street'),
	('e0ad4d4b-3de0-4570-8809-8c0dd40278af','Matthaeus','Bodle','399-206-5285','mbodle1u@sitemeter.com','62665 Arizona Court'),
	('5d6cd122-de2b-4fa9-a79c-13635f763ab3','Piotr','Chittem','339-232-9701','pchittem1v@webmd.com','2 Debra Way'),
	('c3bd89bc-913e-4765-9c76-4409b030322f','Remington','Crickmore','152-307-0750','rcrickmore1w@umich.edu','22 Pankratz Lane'),
	('83e56e81-9cc6-4ea6-88ae-7772586efa95','Gerianne','Largan','305-443-5922','glargan1x@stanford.edu','58076 Brickson Park Pass'),
	('e3c22421-6a62-475e-bcb7-b2df47e26463','Delmar','Bolesma','265-610-6288','dbolesma1y@youtu.be','98 Jackson Point'),
	('85609260-1635-4eff-bdbc-a9b55071a766','Oliviero','Mallabon','575-259-7732','omallabon1z@stanford.edu','17316 Northwestern Avenue'),
	('7553a21e-8bb2-4993-853b-a3cbdb897b93','Thomasine','Elcox','835-747-8426','telcox20@lycos.com','3 Helena Terrace'),
	('4f090eae-b632-4687-9b97-f980286b67d0','Vivianna','Lyffe','217-698-2520','vlyffe21@google.fr','93186 Thompson Place'),
	('7c1d6944-3f4f-43ec-8efc-92f2f48552b1','Skell','Circuitt','969-486-9231','scircuitt22@ucla.edu','0157 Dorton Center'),
	('4e3e952a-5018-4719-9098-d777c4e5d0cb','Garrot','Windham','581-839-2161','gwindham23@census.gov','95648 Sage Terrace'),
	('9ec8689a-1ebe-4524-b991-8f4c7b048133','Lucy','Brackenridge','732-679-6093','lbrackenridge24@chicagotribune.com','6387 Hanson Point'),
	('c87f0f60-b5da-4457-a0d5-2ec8fb8b809c','Kathye','Caldayrou','313-958-6959','kcaldayrou25@narod.ru','173 Rutledge Drive'),
	('1357acc5-0d05-48e1-b772-a761559b2cf5','Brigitta','Shipsey','854-193-9192','bshipsey26@unicef.org','3595 Pierstorff Plaza'),
	('a9320249-edf2-4e85-9c3a-ac89883ecf02','Alysa','Matyugin','609-492-3359','amatyugin27@apple.com','56538 Maryland Point'),
	('4a175120-e2fb-41f6-9f84-77027905dc5b','Yevette','Clowton','866-226-9630','yclowton28@forbes.com','9 Nova Parkway'),
	('23877fcb-3e44-4799-885d-2b20598912c8','Wilhelm','Seakin','540-257-0984','wseakin29@deviantart.com','5869 Kropf Junction'),
	('a38d2a35-b0f7-400d-8448-1ff5e2597077','Nancee','Folbige','592-292-3005','nfolbige2a@mashable.com','6 Kinsman Place'),
	('033e413a-08e7-4705-8e06-84bb3a169a55','Oswell','Jeanes','329-204-1619','ojeanes2b@exblog.jp','81 Algoma Park'),
	('ce99aa84-8a7c-4579-a7d4-d5874c33dec9','Lurline','De Blasiis','649-601-6818','ldeblasiis2c@hc360.com','7298 Knutson Way'),
	('4e07963d-4da4-4aa4-ab46-0ce486e5a274','Ruy','Nind','285-253-9749','rnind2d@sphinn.com','11 Melvin Way'),
	('66cb9fcb-7b54-4504-9bf2-d1db772ce687','Cyrill','Haensel','236-306-2538','chaensel2e@linkedin.com','730 International Street'),
	('88fc3efa-5478-46c3-b6d2-a2292740eb4e','Rosy','Navan','244-801-2887','rnavan2f@blogtalkradio.com','5169 Thompson Avenue'),
	('1d6ec075-5319-4d60-ad89-2abae79fdfc5','Karine','Hambrick','889-963-2714','khambrick2g@vistaprint.com','763 Pond Hill'),
	('692760ec-52ec-4231-8d37-4089444da656','Eleanore','de Tocqueville','648-124-8362','edetocqueville2h@blogger.com','7155 Blaine Lane'),
	('fd206d3c-7239-472e-ae92-a48a6aef6aee','Enid','Aynold','293-589-3797','eaynold2i@blogtalkradio.com','4 Darwin Way'),
	('90091ca3-51f8-43aa-872a-19003337a775','Webb','Wickliffe','982-694-7078','wwickliffe2j@jiathis.com','03324 Michigan Hill'),
	('8c3c6fe5-7530-472d-a1b1-0583eb459c81','Charlton','Trembley','312-829-3619','ctrembley2k@parallels.com','5641 Swallow Park'),
	('986cc334-4ea3-49e3-94ba-56db419cf814','Raleigh','Lebarree','653-576-6860','rlebarree2l@yellowpages.com','4 Onsgard Court'),
	('9a4accf6-9345-4ec1-8030-b89841c7c219','Thaddeus','Rann','814-960-6924','trann2m@nasa.gov','27815 Bellgrove Street'),
	('2b938c06-1cd6-4059-a3a7-a92dfb8279f9','Theressa','Wrankmore','571-148-8873','twrankmore2n@state.gov','808 Farragut Plaza'),
	('88e9237a-0228-4d7d-9b6b-86320ba94dca','Kerwinn','Isoldi','233-131-1133','kisoldi2o@businessweek.com','2841 Hoepker Parkway'),
	('5b7ecb73-0e3b-4967-937c-5fcd4ea02ab4','Tammy','Jacquemy','753-166-4919','tjacquemy2p@linkedin.com','60 Crescent Oaks Circle'),
	('022ae0ec-151f-45b2-bce9-b2b942227849','Julee','Puckrin','703-469-2948','jpuckrin2q@columbia.edu','283 Cody Crossing'),
	('f47da0c0-020b-478e-b879-93604901e283','Malcolm','Seiffert','201-820-0681','mseiffert2r@quantcast.com','5355 Park Meadow Pass'),
	('abfc6434-a5f5-4c40-b949-35d66cddfff2','Moll','Biggadyke','415-715-6893','mbiggadyke2s@google.es','51008 Pearson Drive'),
	('6d27dd7d-d666-4e25-a171-cb0a6eb495ba','Maryanna','Sacks','397-786-4108','msacks2t@google.com','5471 Harbort Court'),
	('685e5fb7-4fcb-4ce7-92fd-a4d674dd5f9a','Ephrem','Flintoft','759-653-4941','eflintoft2u@over-blog.com','2830 Lukken Road'),
	('d8c56896-4495-481d-8e72-fafaf1bc0d74','Anna','Sparks','477-328-8892','asparks2v@slideshare.net','19978 Boyd Road'),
	('796f9d01-7d20-4fff-abd5-8e6afb1ed518','Nanci','Bohan','734-295-8857','nbohan2w@posterous.com','01706 Killdeer Circle'),
	('bc151903-28fe-4ad8-ba7d-4d44facf3ce3','Rickey','Lisamore','553-966-4881','rlisamore2x@ox.ac.uk','053 Lillian Center'),
	('2116882b-3250-47e9-85b6-a9575bd43aa1','Mary','Daintith','402-686-9652','mdaintith2y@youku.com','2 Fairfield Court'),
	('89835bc8-10c6-4133-822f-0963270cfe59','Jobi','Vanichkin','332-613-9010','jvanichkin2z@hexun.com','94 Coolidge Point'),
	('bf0be9ff-dfb1-48cc-9c47-77faaf094b01','Lesya','Sherrin','308-995-9379','lsherrin30@issuu.com','00 Quincy Trail'),
	('3582bf1e-2c74-4330-bbfd-db486ba5ff92','Clayton','Stapele','663-941-2028','cstapele31@last.fm','6 Prentice Park'),
	('7fea34f9-82c4-49d4-975e-59bf3f9e1b79','Naoma','Charrington','135-784-2028','ncharrington32@ft.com','2989 Anhalt Court'),
	('4442c278-60f6-43ce-8d2c-777f4add087a','Bren','Greydon','986-345-8113','bgreydon33@paypal.com','3372 Melby Plaza'),
	('0bbfc7d7-f842-4e22-bfa2-2562cdfa688f','Nappie','Pharrow','278-432-5499','npharrow34@ox.ac.uk','5 Upham Plaza'),
	('d934729c-2c7f-4af5-8670-aeead752037e','Micheal','Strathe','690-971-8161','mstrathe35@webs.com','5589 Manley Terrace'),
	('3b3539fc-1bde-423d-92b5-f9590eb506ae','Kayne','Carle','471-938-6382','kcarle36@fastcompany.com','762 Hoepker Alley'),
	('04d8c696-1fac-483b-853a-c99d55516783','Moira','Keegan','398-640-1218','mkeegan37@eventbrite.com','0 Pleasure Point'),
	('becde313-69ed-47b0-95d5-168d6bf67846','Sissie','Dacre','573-164-8636','sdacre38@photobucket.com','2 Butternut Lane'),
	('89e3addf-1890-49dd-bdd6-3fdfb940ad06','Alexis','Luesley','824-318-5062','aluesley39@mail.ru','3155 Portage Avenue'),
	('90d6081a-e211-4d64-a785-4d559223e0d8','Keri','Tilston','363-391-1594','ktilston3a@ameblo.jp','822 Fremont Street'),
	('b65977d9-2145-45ec-821c-189cc8fd1c44','Torin','Yoodall','328-423-8148','tyoodall3b@businessinsider.com','03 Del Mar Terrace'),
	('0fa03a0e-2b2a-4365-a73d-1e03bd3960bf','Helen-elizabeth','Shoobridge','124-257-1392','hshoobridge3c@myspace.com','09 Lighthouse Bay Court'),
	('bdfb7e3e-4ca4-4532-944c-ab389a128f42','Leda','Baake','561-475-0151','lbaake3d@apache.org','2889 Summit Parkway'),
	('a27a2f2c-2e25-4a1e-9d5d-58fbea9d3691','Anabelle','Thewless','312-869-9672','athewless3e@cmu.edu','10591 Dexter Alley'),
	('f246c5bb-867d-4990-b69d-707e8f5da2ba','Lisabeth','Esposita','537-670-2615','lesposita3f@reddit.com','157 Nova Hill'),
	('6c6c2507-cca7-469f-bafb-10db8022dbb2','Linn','Archibald','367-332-6551','larchibald3g@cpanel.net','120 Sloan Avenue'),
	('8a5ff742-0204-464d-b619-8d98043982a4','Avigdor','De Souza','994-112-8738','adesouza3h@yandex.ru','5220 Holmberg Junction'),
	('9373ca06-80aa-49e2-b462-89d15ba6bd5b','Tybie','Smedmore','841-350-3215','tsmedmore3i@sogou.com','0359 Oriole Terrace'),
	('9136d677-ae8b-4ee6-8c1e-5e6a698d71bc','Sarena','Pethybridge','345-145-1177','spethybridge3j@washington.edu','5 Oriole Park'),
	('0c697e4f-8563-46c3-9708-0ba88039e51d','Cherice','Megahey','433-772-7244','cmegahey3k@indiatimes.com','92711 Becker Alley'),
	('4e173f77-f27f-422e-880e-89ac1eb1aa3a','Vivienne','Budd','897-792-5013','vbudd3l@yale.edu','506 Ramsey Street'),
	('13cf4423-f3d8-46f7-9c6d-c0d3f642e9a1','Flore','Sexon','529-114-5564','fsexon3m@newsvine.com','6 Hauk Circle'),
	('6d443d02-c331-43c7-8557-1fd8406beacb','Kelsey','Lazenby','773-232-5893','klazenby3n@typepad.com','71 Grover Pass'),
	('f241c463-c297-4ebb-8c14-c619e7f0e2f0','Connie','Cridlon','500-151-4499','ccridlon3o@opera.com','210 Crowley Place'),
	('c8f194e4-e971-4bf3-b380-776f566a6cab','Arch','Bea','400-318-2374','abea3p@ted.com','3028 Hagan Avenue');

INSERT INTO WASIT VALUES ('8e50c0ee-6c7e-4e6e-9953-c4412e78361b','C2'),
	('db97cf38-6b3e-4d31-a13e-45eba15d77e4','C1'),
	('81c5283e-9497-473c-96f1-2c6c25f7c01b','C1'),
	('eb1eb177-cd63-46d2-888a-59a39a1bed38','C3'),
	('daf71be5-344b-41d6-a414-10386fba6827','C2'),
	('d5e21a57-b808-4cc4-9909-d32320ecde70','C2'),
	('a862d10c-34eb-4b7d-8a36-8ba495e97fb1','C1'),
	('99a5029a-47c4-4573-bf7c-fc7ec99ffb64','C1'),
	('c56a7ab4-6909-4453-b217-4a02a3e122ec','C2'),
	('f4365f63-ea1c-4735-a1fd-4e6b33a922c1','C3'),
	('f272080f-8d52-4835-8638-d12c661520f7','C1'),
	('a81bde64-7f4b-41a3-9758-c3f8de72e03e','C2'),
	('4a7c489e-524c-4cc4-9448-09d478a307cc','C2'),
	('678eb44f-89ae-4d94-a454-d42765980b1c','C2'),
	('26f152ea-c2e0-4b0a-ad25-70032c570de1','C2'),
	('c88e11a2-01a8-4ea8-94bd-900872b9c9bd','C3'),
	('1b817788-2e26-4047-9c22-2fb94564aa50','C2'),
	('171566a2-8f1c-4163-9229-9743ac3f584d','C2'),
	('e359b0fb-5cdb-484b-b216-3eb2b8bd75dd','C2'),
	('c8627eb3-4f75-4149-99d5-4dc5c34badd7','C2');

INSERT INTO STATUS_NON_PEMAIN VALUES ('8e50c0ee-6c7e-4e6e-9953-c4412e78361b','tendik'),
	('db97cf38-6b3e-4d31-a13e-45eba15d77e4','umum'),
	('81c5283e-9497-473c-96f1-2c6c25f7c01b','mahasiswa'),
	('eb1eb177-cd63-46d2-888a-59a39a1bed38','umum'),
	('daf71be5-344b-41d6-a414-10386fba6827','tendik'),
	('d5e21a57-b808-4cc4-9909-d32320ecde70','dosen'),
	('a862d10c-34eb-4b7d-8a36-8ba495e97fb1','mahasiswa'),
	('99a5029a-47c4-4573-bf7c-fc7ec99ffb64','alumni'),
	('c56a7ab4-6909-4453-b217-4a02a3e122ec','alumni'),
	('f4365f63-ea1c-4735-a1fd-4e6b33a922c1','tendik'),
	('f272080f-8d52-4835-8638-d12c661520f7','alumni'),
	('a81bde64-7f4b-41a3-9758-c3f8de72e03e','dosen'),
	('4a7c489e-524c-4cc4-9448-09d478a307cc','umum'),
	('678eb44f-89ae-4d94-a454-d42765980b1c','alumni'),
	('26f152ea-c2e0-4b0a-ad25-70032c570de1','dosen'),
	('c88e11a2-01a8-4ea8-94bd-900872b9c9bd','alumni'),
	('1b817788-2e26-4047-9c22-2fb94564aa50','dosen'),
	('171566a2-8f1c-4163-9229-9743ac3f584d','mahasiswa'),
	('e359b0fb-5cdb-484b-b216-3eb2b8bd75dd','tendik'),
	('c8627eb3-4f75-4149-99d5-4dc5c34badd7','umum'),
	('ec41aa7f-7df9-44f1-bf27-da830ae7c1c9','dosen'),
	('21f817f0-2e3a-480f-8095-7c704c25e0ef','dosen'),
	('aca382d9-7878-4157-91c7-276918ea0b9b','mahasiswa'),
	('938bc1aa-917d-4217-b338-60cdd1c3e8b9','alumni'),
	('31384a34-6f9d-483e-abdf-1bbe262efc2c','mahasiswa'),
	('617448fa-52e9-46f1-bc57-b34f4b912cd0','dosen'),
	('6919b401-d773-4bdf-8b9d-24cc921fe824','umum'),
	('9c157965-5ede-420c-b881-cc37a0b5add9','alumni'),
	('7600f2c3-c7c0-4666-bf70-d561e901da04','mahasiswa'),
	('a7187293-d94e-4af0-b436-905382c00caf','dosen'),
	('8c6bbb26-04d6-486f-a27c-1a5f01ac8eaf','tendik'),
	('c96ef9e9-f559-4de8-a126-8a31c20cb1a5','umum'),
	('1c09d021-5df2-4b4f-ac1b-e6025405010b','umum'),
	('63325966-a477-4e0f-926f-b3e0f98abf1a','dosen'),
	('33339169-af90-4c1f-ad26-62044801e866','umum'),
	('c1e53646-8ae9-4f99-9459-769200211400','dosen'),
	('327dce8f-dc78-4691-9500-513e96cc4b7e','alumni'),
	('2d48724b-8fba-40f3-a90c-b58215b68a1d','dosen'),
	('9b77cad3-889c-4050-bc09-b85019f4ba7e','mahasiswa'),
	('b11ebdaa-d5ce-4552-8fc7-5d0f8ae6468e','mahasiswa'),
	('588a11d3-6397-4fa0-8d48-7da97cd59538','dosen'),
	('3eaac03d-8c86-4922-a104-773d9e3ab25f','mahasiswa'),
	('c02f6893-b7f5-45ac-b104-7186ae0f3bc6','alumni'),
	('5263d9a0-bb3e-4e05-86a6-5dcaf8a37f76','alumni'),
	('3e2e009c-3842-4caa-a045-4067eaa5aa2d','umum'),
	('a97ef2dc-a731-4452-9eb1-c6c5b070b899','mahasiswa'),
	('4358bb31-b7d0-4198-9ab2-1214f27bf8a3','dosen'),
	('01c1864c-7f75-42c6-a59b-c6449f015cc4','alumni'),
	('e423fa39-c812-4fc7-b6c1-857105a470bf','mahasiswa'),
	('993fd015-b9e4-40fc-8ff4-f259baa91087','dosen'),
	('58fe9fc5-a92f-4c0b-8b33-75239972f046','alumni'),
	('ee37a50f-e6d7-4d35-ba62-4ae4d27dd137','alumni'),
	('96caffdd-be3b-489a-af67-1f1c6c0d24ff','umum'),
	('0fe20e6b-183b-4e6e-9adc-dd2241188ce0','alumni'),
	('8e0f8b2e-c9f7-4e50-a39f-9c788b889ae5','umum'),
	('5b84b2f3-00aa-4f78-9f87-68fa9273cace','umum'),
	('e21d9c28-6b11-4b28-8ea4-e074b1c93d6c','umum'),
	('f5a87698-5dd6-42d1-adff-9b4f858e9e6c','dosen'),
	('3496012f-0710-4b43-b1a3-b0e696df4829','tendik'),
	('4a41174a-5e1c-43e2-8218-1c5fdbad8484','mahasiswa'),
	('6fb35beb-359c-43e7-8b22-76512726ab05','alumni'),
	('a2951243-c7f8-4607-b07b-7c47bfd533c9','tendik'),
	('f143a09e-f97c-46e9-ab6f-322820da3c90','tendik'),
	('57984a1c-da38-44fa-aa05-9fcbae5549db','tendik'),
	('8f61e1ea-f03a-4fe8-b782-588d9337ab42','umum'),
	('33a2985d-3f03-4850-abe6-bb50bad8be42','mahasiswa'),
	('e0ad4d4b-3de0-4570-8809-8c0dd40278af','alumni'),
	('5d6cd122-de2b-4fa9-a79c-13635f763ab3','tendik'),
	('c3bd89bc-913e-4765-9c76-4409b030322f','umum'),
	('83e56e81-9cc6-4ea6-88ae-7772586efa95','umum'),
	('e3c22421-6a62-475e-bcb7-b2df47e26463','tendik'),
	('85609260-1635-4eff-bdbc-a9b55071a766','dosen'),
	('7553a21e-8bb2-4993-853b-a3cbdb897b93','tendik'),
	('4f090eae-b632-4687-9b97-f980286b67d0','alumni'),
	('7c1d6944-3f4f-43ec-8efc-92f2f48552b1','alumni'),
	('4e3e952a-5018-4719-9098-d777c4e5d0cb','umum'),
	('9ec8689a-1ebe-4524-b991-8f4c7b048133','alumni'),
	('c87f0f60-b5da-4457-a0d5-2ec8fb8b809c','alumni'),
	('1357acc5-0d05-48e1-b772-a761559b2cf5','mahasiswa'),
	('a9320249-edf2-4e85-9c3a-ac89883ecf02','dosen'),
	('4a175120-e2fb-41f6-9f84-77027905dc5b','umum'),
	('23877fcb-3e44-4799-885d-2b20598912c8','umum'),
	('a38d2a35-b0f7-400d-8448-1ff5e2597077','alumni'),
	('033e413a-08e7-4705-8e06-84bb3a169a55','dosen'),
	('ce99aa84-8a7c-4579-a7d4-d5874c33dec9','alumni'),
	('4e07963d-4da4-4aa4-ab46-0ce486e5a274','dosen'),
	('66cb9fcb-7b54-4504-9bf2-d1db772ce687','umum'),
	('88fc3efa-5478-46c3-b6d2-a2292740eb4e','mahasiswa'),
	('1d6ec075-5319-4d60-ad89-2abae79fdfc5','umum'),
	('692760ec-52ec-4231-8d37-4089444da656','alumni'),
	('fd206d3c-7239-472e-ae92-a48a6aef6aee','alumni'),
	('90091ca3-51f8-43aa-872a-19003337a775','alumni'),
	('8c3c6fe5-7530-472d-a1b1-0583eb459c81','mahasiswa'),
	('986cc334-4ea3-49e3-94ba-56db419cf814','umum'),
	('9a4accf6-9345-4ec1-8030-b89841c7c219','tendik'),
	('2b938c06-1cd6-4059-a3a7-a92dfb8279f9','mahasiswa'),
	('88e9237a-0228-4d7d-9b6b-86320ba94dca','mahasiswa'),
	('5b7ecb73-0e3b-4967-937c-5fcd4ea02ab4','alumni'),
	('022ae0ec-151f-45b2-bce9-b2b942227849','mahasiswa'),
	('f47da0c0-020b-478e-b879-93604901e283','dosen'),
	('abfc6434-a5f5-4c40-b949-35d66cddfff2','tendik'),
	('6d27dd7d-d666-4e25-a171-cb0a6eb495ba','umum'),
	('685e5fb7-4fcb-4ce7-92fd-a4d674dd5f9a','tendik'),
	('d8c56896-4495-481d-8e72-fafaf1bc0d74','dosen'),
	('796f9d01-7d20-4fff-abd5-8e6afb1ed518','dosen'),
	('bc151903-28fe-4ad8-ba7d-4d44facf3ce3','tendik'),
	('2116882b-3250-47e9-85b6-a9575bd43aa1','alumni'),
	('89835bc8-10c6-4133-822f-0963270cfe59','dosen'),
	('bf0be9ff-dfb1-48cc-9c47-77faaf094b01','mahasiswa'),
	('3582bf1e-2c74-4330-bbfd-db486ba5ff92','umum'),
	('7fea34f9-82c4-49d4-975e-59bf3f9e1b79','alumni'),
	('4442c278-60f6-43ce-8d2c-777f4add087a','tendik'),
	('0bbfc7d7-f842-4e22-bfa2-2562cdfa688f','dosen'),
	('d934729c-2c7f-4af5-8670-aeead752037e','mahasiswa'),
	('3b3539fc-1bde-423d-92b5-f9590eb506ae','dosen'),
	('04d8c696-1fac-483b-853a-c99d55516783','dosen'),
	('becde313-69ed-47b0-95d5-168d6bf67846','mahasiswa'),
	('89e3addf-1890-49dd-bdd6-3fdfb940ad06','umum'),
	('90d6081a-e211-4d64-a785-4d559223e0d8','dosen'),
	('b65977d9-2145-45ec-821c-189cc8fd1c44','tendik'),
	('0fa03a0e-2b2a-4365-a73d-1e03bd3960bf','dosen'),
	('bdfb7e3e-4ca4-4532-944c-ab389a128f42','dosen'),
	('a27a2f2c-2e25-4a1e-9d5d-58fbea9d3691','alumni'),
	('f246c5bb-867d-4990-b69d-707e8f5da2ba','mahasiswa'),
	('6c6c2507-cca7-469f-bafb-10db8022dbb2','alumni'),
	('8a5ff742-0204-464d-b619-8d98043982a4','mahasiswa'),
	('9373ca06-80aa-49e2-b462-89d15ba6bd5b','alumni'),
	('9136d677-ae8b-4ee6-8c1e-5e6a698d71bc','mahasiswa'),
	('0c697e4f-8563-46c3-9708-0ba88039e51d','mahasiswa'),
	('4e173f77-f27f-422e-880e-89ac1eb1aa3a','mahasiswa'),
	('13cf4423-f3d8-46f7-9c6d-c0d3f642e9a1','mahasiswa'),
	('6d443d02-c331-43c7-8557-1fd8406beacb','mahasiswa'),
	('f241c463-c297-4ebb-8c14-c619e7f0e2f0','mahasiswa'),
	('c8f194e4-e971-4bf3-b380-776f566a6cab','mahasiswa');

INSERT INTO STADIUM VALUES ('e99c59b9-5045-477f-aa1d-ffe74e05064e','Wembley Stadium','5845 Farwell Park',60701),
	('afc09029-d0ac-4f2e-9f8c-96878669454b','Ohio Stadium','4603 Linden Way',52850),
	('43d11d9f-0f49-440f-b34e-22bf678c8d63','Old Trafford','12763 Carberry Parkway',46258),
	('a96db8e7-6192-430e-8364-c3de0753d26d','Estadio Azteca','0 Lotheville Road',59534),
	('06261a46-bca8-4400-aeda-167f6546e587','Anfield','6457 Division Place',75610),
	('2bb7ceaf-26df-4aa9-8d9f-cec3f618b5e2','London Stadium','3 Village Green Avenue',91882),
	('287587a4-753f-4bbc-8268-5025f63781c9','Sanford Stadium','225 8th Place',86696),
	('d66981de-fc32-4171-801d-6a64676e7386','Michigan Stadium','0 Carpenter Junction',50750),
	('6d016686-6ccd-4002-84bc-ddbb0930276e','FNB Stadium','79 Tennessee Alley',72323),
	('a700fbc1-a156-47e5-a854-3243a70f64cb','Emirates Stadium','1155 Warrior Crossing',41851);

INSERT INTO PERLENGKAPAN_STADIUM VALUES ('afc09029-d0ac-4f2e-9f8c-96878669454b','viverra eget',78),
	('2bb7ceaf-26df-4aa9-8d9f-cec3f618b5e2','metus',31),
	('6d016686-6ccd-4002-84bc-ddbb0930276e','semper sapien a',2),
	('a96db8e7-6192-430e-8364-c3de0753d26d','dapibus at',7),
	('e99c59b9-5045-477f-aa1d-ffe74e05064e','semper est',7),
	('d66981de-fc32-4171-801d-6a64676e7386','vulputate elementum',23),
	('06261a46-bca8-4400-aeda-167f6546e587','penatibus et',53),
	('a700fbc1-a156-47e5-a854-3243a70f64cb','mi',45),
	('287587a4-753f-4bbc-8268-5025f63781c9','ac',54),
	('43d11d9f-0f49-440f-b34e-22bf678c8d63','platea dictumst etiam',4),
	('2bb7ceaf-26df-4aa9-8d9f-cec3f618b5e2','vulputate justo in',54),
	('43d11d9f-0f49-440f-b34e-22bf678c8d63','odio justo sollicitudin',53),
	('287587a4-753f-4bbc-8268-5025f63781c9','massa donec',57),
	('d66981de-fc32-4171-801d-6a64676e7386','lorem',95),
	('afc09029-d0ac-4f2e-9f8c-96878669454b','metus',97),
	('06261a46-bca8-4400-aeda-167f6546e587','et',67),
	('a96db8e7-6192-430e-8364-c3de0753d26d','nisl',76),
	('e99c59b9-5045-477f-aa1d-ffe74e05064e','at lorem integer',91),
	('a700fbc1-a156-47e5-a854-3243a70f64cb','sit amet consectetuer',60),
	('6d016686-6ccd-4002-84bc-ddbb0930276e','tristique est',45);

INSERT INTO PERTANDINGAN VALUES ('8f149ca3-5c1a-4312-af0f-5a36d7592293','2023-07-22','2023-07-12','e99c59b9-5045-477f-aa1d-ffe74e05064e'),
	('4aa7894e-f047-4e45-9781-0b1a970d7d49','2023-06-12','2023-07-04','afc09029-d0ac-4f2e-9f8c-96878669454b'),
	('37537254-c0f5-4b7b-9151-0e3cc254145b','2023-05-30','2023-07-16','43d11d9f-0f49-440f-b34e-22bf678c8d63'),
	('e3f63b4f-ab02-43eb-8c36-f5eba9bf71fb','2023-05-25','2023-05-02','a96db8e7-6192-430e-8364-c3de0753d26d'),
	('01095575-534e-4a5f-8be8-849584d3c3f3','2023-07-13','2023-07-23','06261a46-bca8-4400-aeda-167f6546e587');

INSERT INTO PERISTIWA VALUES ('8f149ca3-5c1a-4312-af0f-5a36d7592293','2023-05-17 4:18:56','Red Card','d37e782e-3156-49e9-9210-9b76a1a85192'),
	('4aa7894e-f047-4e45-9781-0b1a970d7d49','2023-06-18 3:02:16','Yellow Card','3dc21709-749e-4827-9890-6f14c241d219'),
	('37537254-c0f5-4b7b-9151-0e3cc254145b','2023-05-09 9:16:04','Yellow Card','be7e4d2b-ed09-433f-bc20-d2297e4ae4d8'),
	('e3f63b4f-ab02-43eb-8c36-f5eba9bf71fb','2023-06-16 16:39:35','Red Card','9fce872f-1628-44d2-b331-b3e8aea25c60'),
	('01095575-534e-4a5f-8be8-849584d3c3f3','2023-06-27 23:40:18','Red Card','a91ac248-17d1-44a4-9152-b64708d3f654'),
	('8f149ca3-5c1a-4312-af0f-5a36d7592293','2023-07-10 23:09:16','Penalty','546f4f16-ee26-42d1-a5dd-4f4805018500'),
	('4aa7894e-f047-4e45-9781-0b1a970d7d49','2023-06-30 13:14:36','Offside','bc4b03e1-7e2a-47c5-8121-2b73c62fec84'),
	('37537254-c0f5-4b7b-9151-0e3cc254145b','2023-06-04 7:50:07','Yellow Card','ecc26d99-ca56-4816-ae8b-a9c9f0567398'),
	('e3f63b4f-ab02-43eb-8c36-f5eba9bf71fb','2023-05-05 5:00:27','Penalty','830cb5aa-3a08-4ac9-9ba5-78efbab019d9'),
	('01095575-534e-4a5f-8be8-849584d3c3f3','2023-05-29 4:43:19','Yellow Card','5dc959e6-5c86-427d-9115-4e87d922c8f2');

INSERT INTO WASIT_BERTUGAS VALUES ('8e50c0ee-6c7e-4e6e-9953-c4412e78361b', '8f149ca3-5c1a-4312-af0f-5a36d7592293', 'SIDE JUDGE'),
	('db97cf38-6b3e-4d31-a13e-45eba15d77e4', '4aa7894e-f047-4e45-9781-0b1a970d7d49', 'FIELD JUDGE'),
	('81c5283e-9497-473c-96f1-2c6c25f7c01b', '37537254-c0f5-4b7b-9151-0e3cc254145b', 'UMPIRE'),
	('eb1eb177-cd63-46d2-888a-59a39a1bed38', 'e3f63b4f-ab02-43eb-8c36-f5eba9bf71fb', 'UMPIRE'),
	('daf71be5-344b-41d6-a414-10386fba6827', '01095575-534e-4a5f-8be8-849584d3c3f3', 'REFEREE'),
	('d5e21a57-b808-4cc4-9909-d32320ecde70', '8f149ca3-5c1a-4312-af0f-5a36d7592293', 'REFEREE'),
	('a862d10c-34eb-4b7d-8a36-8ba495e97fb1', '4aa7894e-f047-4e45-9781-0b1a970d7d49', 'REFEREE'),
	('99a5029a-47c4-4573-bf7c-fc7ec99ffb64', '37537254-c0f5-4b7b-9151-0e3cc254145b', 'DOWN JUDGE'),
	('c56a7ab4-6909-4453-b217-4a02a3e122ec', 'e3f63b4f-ab02-43eb-8c36-f5eba9bf71fb', 'REFEREE'),
	('f4365f63-ea1c-4735-a1fd-4e6b33a922c1', '01095575-534e-4a5f-8be8-849584d3c3f3', 'BACK JUDGE'),
	('f272080f-8d52-4835-8638-d12c661520f7', '8f149ca3-5c1a-4312-af0f-5a36d7592293', 'DOWN JUDGE'),
	('a81bde64-7f4b-41a3-9758-c3f8de72e03e', '4aa7894e-f047-4e45-9781-0b1a970d7d49', 'FIELD JUDGE'),
	('4a7c489e-524c-4cc4-9448-09d478a307cc', '37537254-c0f5-4b7b-9151-0e3cc254145b', 'FIELD JUDGE'),
	('678eb44f-89ae-4d94-a454-d42765980b1c', 'e3f63b4f-ab02-43eb-8c36-f5eba9bf71fb', 'FIELD JUDGE'),
	('26f152ea-c2e0-4b0a-ad25-70032c570de1', '01095575-534e-4a5f-8be8-849584d3c3f3', 'DOWN JUDGE'),
	('c88e11a2-01a8-4ea8-94bd-900872b9c9bd', '8f149ca3-5c1a-4312-af0f-5a36d7592293', 'REFEREE'),
	('1b817788-2e26-4047-9c22-2fb94564aa50', '4aa7894e-f047-4e45-9781-0b1a970d7d49', 'UMPIRE'),
	('171566a2-8f1c-4163-9229-9743ac3f584d', '37537254-c0f5-4b7b-9151-0e3cc254145b', 'SIDE JUDGE'),
	('e359b0fb-5cdb-484b-b216-3eb2b8bd75dd', 'e3f63b4f-ab02-43eb-8c36-f5eba9bf71fb', 'DOWN JUDGE'),
	('c8627eb3-4f75-4149-99d5-4dc5c34badd7', '01095575-534e-4a5f-8be8-849584d3c3f3', 'SIDE JUDGE');

INSERT INTO PENONTON VALUES ('ec41aa7f-7df9-44f1-bf27-da830ae7c1c9','amesias0'),
	('21f817f0-2e3a-480f-8095-7c704c25e0ef','rwheelband1'),
	('aca382d9-7878-4157-91c7-276918ea0b9b','cbrigstock2'),
	('938bc1aa-917d-4217-b338-60cdd1c3e8b9','gdimic3'),
	('31384a34-6f9d-483e-abdf-1bbe262efc2c','rriolfo4'),
	('617448fa-52e9-46f1-bc57-b34f4b912cd0','afrancke5'),
	('6919b401-d773-4bdf-8b9d-24cc921fe824','fknoble6'),
	('9c157965-5ede-420c-b881-cc37a0b5add9','msimic7'),
	('7600f2c3-c7c0-4666-bf70-d561e901da04','nhenker8'),
	('a7187293-d94e-4af0-b436-905382c00caf','mjaves9'),
	('8c6bbb26-04d6-486f-a27c-1a5f01ac8eaf','clundbecha'),
	('c96ef9e9-f559-4de8-a126-8a31c20cb1a5','dgumlyb'),
	('1c09d021-5df2-4b4f-ac1b-e6025405010b','kmorenoc'),
	('63325966-a477-4e0f-926f-b3e0f98abf1a','kkearled'),
	('33339169-af90-4c1f-ad26-62044801e866','brickere'),
	('c1e53646-8ae9-4f99-9459-769200211400','clehrmannf'),
	('327dce8f-dc78-4691-9500-513e96cc4b7e','lledgewayg'),
	('2d48724b-8fba-40f3-a90c-b58215b68a1d','jcudh'),
	('9b77cad3-889c-4050-bc09-b85019f4ba7e','abroomi'),
	('b11ebdaa-d5ce-4552-8fc7-5d0f8ae6468e','bmowsdalej');

INSERT INTO PEMBELIAN_TIKET VALUES (1,'ec41aa7f-7df9-44f1-bf27-da830ae7c1c9','VIP','mastercard','8f149ca3-5c1a-4312-af0f-5a36d7592293'),
	(2,'21f817f0-2e3a-480f-8095-7c704c25e0ef','Main East','diners-club-enroute','4aa7894e-f047-4e45-9781-0b1a970d7d49'),
	(3,'aca382d9-7878-4157-91c7-276918ea0b9b','VIP','jcb','37537254-c0f5-4b7b-9151-0e3cc254145b'),
	(4,'938bc1aa-917d-4217-b338-60cdd1c3e8b9','Kategori 1','jcb','e3f63b4f-ab02-43eb-8c36-f5eba9bf71fb'),
	(5,'31384a34-6f9d-483e-abdf-1bbe262efc2c','Kategori 2','china-unionpay','01095575-534e-4a5f-8be8-849584d3c3f3');

INSERT INTO PANITIA VALUES ('588a11d3-6397-4fa0-8d48-7da97cd59538','Facilities Committee','itrevaink'),
	('3eaac03d-8c86-4922-a104-773d9e3ab25f','Facilities Committee','jhoworthl'),
	('c02f6893-b7f5-45ac-b104-7186ae0f3bc6','Marketing','kcottym'),
	('5263d9a0-bb3e-4e05-86a6-5dcaf8a37f76','Medical Committee','mminichillon'),
	('3e2e009c-3842-4caa-a045-4067eaa5aa2d','Secretary','hswinglehursto'),
	('a97ef2dc-a731-4452-9eb1-c6c5b070b899','Secretary','kbaistowp'),
	('4358bb31-b7d0-4198-9ab2-1214f27bf8a3','Medical Committee','mschraderq'),
	('01c1864c-7f75-42c6-a59b-c6449f015cc4','Marketing','cwhyffenr'),
	('e423fa39-c812-4fc7-b6c1-857105a470bf','Secretary','cketleys'),
	('993fd015-b9e4-40fc-8ff4-f259baa91087','Finance Committee','cshallikert'),
	('58fe9fc5-a92f-4c0b-8b33-75239972f046','Technical Director','rbrisseauu'),
	('ee37a50f-e6d7-4d35-ba62-4ae4d27dd137','Technical Director','hburbagev'),
	('96caffdd-be3b-489a-af67-1f1c6c0d24ff','Facilities Committee','lbookerw'),
	('0fe20e6b-183b-4e6e-9adc-dd2241188ce0','Secretary','plemerlex'),
	('8e0f8b2e-c9f7-4e50-a39f-9c788b889ae5','Marketing','vrubinowy'),
	('5b84b2f3-00aa-4f78-9f87-68fa9273cace','Facilities Committee','egapperz'),
	('e21d9c28-6b11-4b28-8ea4-e074b1c93d6c','Technical Director','mfawcitt10'),
	('f5a87698-5dd6-42d1-adff-9b4f858e9e6c','Facilities Committee','shunstone11'),
	('3496012f-0710-4b43-b1a3-b0e696df4829','Marketing','cberthod12'),
	('4a41174a-5e1c-43e2-8218-1c5fdbad8484','Finance Committee','wtressler13');

INSERT INTO PELATIH VALUES ('6fb35beb-359c-43e7-8b22-76512726ab05','Columbia'),
	('a2951243-c7f8-4607-b07b-7c47bfd533c9','Columbia'),
	('f143a09e-f97c-46e9-ab6f-322820da3c90','Harvard'),
	('57984a1c-da38-44fa-aa05-9fcbae5549db','Harvard'),
	('8f61e1ea-f03a-4fe8-b782-588d9337ab42','Stanford'),
	('33a2985d-3f03-4850-abe6-bb50bad8be42','Stanford'),
	('e0ad4d4b-3de0-4570-8809-8c0dd40278af','Coventry'),
	('5d6cd122-de2b-4fa9-a79c-13635f763ab3','Coventry'),
	('c3bd89bc-913e-4765-9c76-4409b030322f','Brown'),
	('83e56e81-9cc6-4ea6-88ae-7772586efa95','Brown'),
	('e3c22421-6a62-475e-bcb7-b2df47e26463','Rice'),
	('85609260-1635-4eff-bdbc-a9b55071a766','Rice'),
	('7553a21e-8bb2-4993-853b-a3cbdb897b93','Lund'),
	('4f090eae-b632-4687-9b97-f980286b67d0','Lund'),
	('7c1d6944-3f4f-43ec-8efc-92f2f48552b1','Brock'),
	('4e3e952a-5018-4719-9098-d777c4e5d0cb','Brock'),
	('9ec8689a-1ebe-4524-b991-8f4c7b048133','Melbourne'),
	('c87f0f60-b5da-4457-a0d5-2ec8fb8b809c','Melbourne'),
	('1357acc5-0d05-48e1-b772-a761559b2cf5','Virginia'),
	('a9320249-edf2-4e85-9c3a-ac89883ecf02','Virginia'),
	('4a175120-e2fb-41f6-9f84-77027905dc5b',NULL),
	('23877fcb-3e44-4799-885d-2b20598912c8',NULL),
	('a38d2a35-b0f7-400d-8448-1ff5e2597077',NULL),
	('033e413a-08e7-4705-8e06-84bb3a169a55',NULL),
	('ce99aa84-8a7c-4579-a7d4-d5874c33dec9',NULL),
	('4e07963d-4da4-4aa4-ab46-0ce486e5a274',NULL),
	('66cb9fcb-7b54-4504-9bf2-d1db772ce687',NULL),
	('88fc3efa-5478-46c3-b6d2-a2292740eb4e',NULL),
	('1d6ec075-5319-4d60-ad89-2abae79fdfc5',NULL),
	('692760ec-52ec-4231-8d37-4089444da656',NULL),
	('fd206d3c-7239-472e-ae92-a48a6aef6aee',NULL),
	('90091ca3-51f8-43aa-872a-19003337a775',NULL),
	('8c3c6fe5-7530-472d-a1b1-0583eb459c81',NULL),
	('986cc334-4ea3-49e3-94ba-56db419cf814',NULL),
	('9a4accf6-9345-4ec1-8030-b89841c7c219',NULL),
	('2b938c06-1cd6-4059-a3a7-a92dfb8279f9',NULL),
	('88e9237a-0228-4d7d-9b6b-86320ba94dca',NULL),
	('5b7ecb73-0e3b-4967-937c-5fcd4ea02ab4',NULL),
	('022ae0ec-151f-45b2-bce9-b2b942227849',NULL),
	('f47da0c0-020b-478e-b879-93604901e283',NULL),
	('abfc6434-a5f5-4c40-b949-35d66cddfff2',NULL),
	('6d27dd7d-d666-4e25-a171-cb0a6eb495ba',NULL),
	('685e5fb7-4fcb-4ce7-92fd-a4d674dd5f9a',NULL),
	('d8c56896-4495-481d-8e72-fafaf1bc0d74',NULL),
	('796f9d01-7d20-4fff-abd5-8e6afb1ed518',NULL),
	('bc151903-28fe-4ad8-ba7d-4d44facf3ce3',NULL),
	('2116882b-3250-47e9-85b6-a9575bd43aa1',NULL),
	('89835bc8-10c6-4133-822f-0963270cfe59',NULL),
	('bf0be9ff-dfb1-48cc-9c47-77faaf094b01',NULL),
	('3582bf1e-2c74-4330-bbfd-db486ba5ff92',NULL),
	('7fea34f9-82c4-49d4-975e-59bf3f9e1b79',NULL),
	('4442c278-60f6-43ce-8d2c-777f4add087a',NULL),
	('0bbfc7d7-f842-4e22-bfa2-2562cdfa688f',NULL),
	('d934729c-2c7f-4af5-8670-aeead752037e',NULL),
	('3b3539fc-1bde-423d-92b5-f9590eb506ae',NULL),
	('04d8c696-1fac-483b-853a-c99d55516783',NULL),
	('becde313-69ed-47b0-95d5-168d6bf67846',NULL),
	('89e3addf-1890-49dd-bdd6-3fdfb940ad06',NULL),
	('90d6081a-e211-4d64-a785-4d559223e0d8',NULL),
	('b65977d9-2145-45ec-821c-189cc8fd1c44',NULL),
	('0fa03a0e-2b2a-4365-a73d-1e03bd3960bf',NULL),
	('bdfb7e3e-4ca4-4532-944c-ab389a128f42',NULL),
	('a27a2f2c-2e25-4a1e-9d5d-58fbea9d3691',NULL),
	('f246c5bb-867d-4990-b69d-707e8f5da2ba',NULL);

INSERT INTO SPESIALISASI_PELATIH VALUES ('6fb35beb-359c-43e7-8b22-76512726ab05','Running backs'),
	('a2951243-c7f8-4607-b07b-7c47bfd533c9','Defensive line'),
	('f143a09e-f97c-46e9-ab6f-322820da3c90','Secondary'),
	('57984a1c-da38-44fa-aa05-9fcbae5549db','Quarterback'),
	('8f61e1ea-f03a-4fe8-b782-588d9337ab42','Linebacker'),
	('33a2985d-3f03-4850-abe6-bb50bad8be42','Offensive line'),
	('e0ad4d4b-3de0-4570-8809-8c0dd40278af','Running backs'),
	('5d6cd122-de2b-4fa9-a79c-13635f763ab3','Defensive line'),
	('c3bd89bc-913e-4765-9c76-4409b030322f','Secondary'),
	('83e56e81-9cc6-4ea6-88ae-7772586efa95','Quarterback'),
	('e3c22421-6a62-475e-bcb7-b2df47e26463','Linebacker'),
	('85609260-1635-4eff-bdbc-a9b55071a766','Offensive line'),
	('7553a21e-8bb2-4993-853b-a3cbdb897b93','Running backs'),
	('4f090eae-b632-4687-9b97-f980286b67d0','Defensive line'),
	('7c1d6944-3f4f-43ec-8efc-92f2f48552b1','Secondary'),
	('4e3e952a-5018-4719-9098-d777c4e5d0cb','Quarterback'),
	('9ec8689a-1ebe-4524-b991-8f4c7b048133','Linebacker'),
	('c87f0f60-b5da-4457-a0d5-2ec8fb8b809c','Offensive line'),
	('1357acc5-0d05-48e1-b772-a761559b2cf5','Running backs'),
	('a9320249-edf2-4e85-9c3a-ac89883ecf02','Defensive line'),
	('4a175120-e2fb-41f6-9f84-77027905dc5b','Secondary'),
	('23877fcb-3e44-4799-885d-2b20598912c8','Quarterback'),
	('a38d2a35-b0f7-400d-8448-1ff5e2597077','Linebacker'),
	('033e413a-08e7-4705-8e06-84bb3a169a55','Offensive line'),
	('ce99aa84-8a7c-4579-a7d4-d5874c33dec9','Running backs'),
	('4e07963d-4da4-4aa4-ab46-0ce486e5a274','Defensive line'),
	('66cb9fcb-7b54-4504-9bf2-d1db772ce687','Secondary'),
	('88fc3efa-5478-46c3-b6d2-a2292740eb4e','Quarterback'),
	('1d6ec075-5319-4d60-ad89-2abae79fdfc5','Linebacker'),
	('692760ec-52ec-4231-8d37-4089444da656','Offensive line'),
	('fd206d3c-7239-472e-ae92-a48a6aef6aee','Running backs'),
	('90091ca3-51f8-43aa-872a-19003337a775','Defensive line'),
	('8c3c6fe5-7530-472d-a1b1-0583eb459c81','Secondary'),
	('986cc334-4ea3-49e3-94ba-56db419cf814','Quarterback'),
	('9a4accf6-9345-4ec1-8030-b89841c7c219','Linebacker'),
	('2b938c06-1cd6-4059-a3a7-a92dfb8279f9','Offensive line'),
	('88e9237a-0228-4d7d-9b6b-86320ba94dca','Running backs'),
	('5b7ecb73-0e3b-4967-937c-5fcd4ea02ab4','Defensive line'),
	('022ae0ec-151f-45b2-bce9-b2b942227849','Secondary'),
	('f47da0c0-020b-478e-b879-93604901e283','Quarterback'),
	('abfc6434-a5f5-4c40-b949-35d66cddfff2','Linebacker'),
	('6d27dd7d-d666-4e25-a171-cb0a6eb495ba','Offensive line'),
	('685e5fb7-4fcb-4ce7-92fd-a4d674dd5f9a','Running backs'),
	('d8c56896-4495-481d-8e72-fafaf1bc0d74','Defensive line'),
	('796f9d01-7d20-4fff-abd5-8e6afb1ed518','Secondary'),
	('bc151903-28fe-4ad8-ba7d-4d44facf3ce3','Quarterback'),
	('2116882b-3250-47e9-85b6-a9575bd43aa1','Linebacker'),
	('89835bc8-10c6-4133-822f-0963270cfe59','Offensive line'),
	('bf0be9ff-dfb1-48cc-9c47-77faaf094b01','Running backs'),
	('3582bf1e-2c74-4330-bbfd-db486ba5ff92','Defensive line'),
	('7fea34f9-82c4-49d4-975e-59bf3f9e1b79','Secondary'),
	('4442c278-60f6-43ce-8d2c-777f4add087a','Quarterback'),
	('0bbfc7d7-f842-4e22-bfa2-2562cdfa688f','Linebacker'),
	('d934729c-2c7f-4af5-8670-aeead752037e','Offensive line'),
	('3b3539fc-1bde-423d-92b5-f9590eb506ae','Running backs'),
	('04d8c696-1fac-483b-853a-c99d55516783','Defensive line'),
	('becde313-69ed-47b0-95d5-168d6bf67846','Secondary'),
	('89e3addf-1890-49dd-bdd6-3fdfb940ad06','Quarterback'),
	('90d6081a-e211-4d64-a785-4d559223e0d8','Linebacker'),
	('b65977d9-2145-45ec-821c-189cc8fd1c44','Offensive line'),
	('0fa03a0e-2b2a-4365-a73d-1e03bd3960bf','Running backs'),
	('bdfb7e3e-4ca4-4532-944c-ab389a128f42','Defensive line'),
	('a27a2f2c-2e25-4a1e-9d5d-58fbea9d3691','Secondary'),
	('f246c5bb-867d-4990-b69d-707e8f5da2ba','Quarterback');

INSERT INTO TIM_PERTANDINGAN VALUES ('Columbia','8f149ca3-5c1a-4312-af0f-5a36d7592293','2-4'),
	('Harvard','4aa7894e-f047-4e45-9781-0b1a970d7d49','3-0'),
	('Stanford','37537254-c0f5-4b7b-9151-0e3cc254145b','1-4'),
	('Coventry','e3f63b4f-ab02-43eb-8c36-f5eba9bf71fb','0-5'),
	('Brown','01095575-534e-4a5f-8be8-849584d3c3f3','4-1'),
	('Rice','8f149ca3-5c1a-4312-af0f-5a36d7592293','4-2'),
	('Lund','4aa7894e-f047-4e45-9781-0b1a970d7d49','0-3'),
	('Brock','37537254-c0f5-4b7b-9151-0e3cc254145b','3-1'),
	('Melbourne','e3f63b4f-ab02-43eb-8c36-f5eba9bf71fb','5-0'),
	('Virginia','01095575-534e-4a5f-8be8-849584d3c3f3','1-4');

INSERT INTO MANAJER VALUES ('6c6c2507-cca7-469f-bafb-10db8022dbb2','rsargint14'),
	('8a5ff742-0204-464d-b619-8d98043982a4','khauger15'),
	('9373ca06-80aa-49e2-b462-89d15ba6bd5b','gmollnar16'),
	('9136d677-ae8b-4ee6-8c1e-5e6a698d71bc','ltesche17'),
	('0c697e4f-8563-46c3-9708-0ba88039e51d','awolfenden18'),
	('4e173f77-f27f-422e-880e-89ac1eb1aa3a','kgrigolli19'),
	('13cf4423-f3d8-46f7-9c6d-c0d3f642e9a1','cmcclarence1a'),
	('6d443d02-c331-43c7-8557-1fd8406beacb','btrillow1b'),
	('f241c463-c297-4ebb-8c14-c619e7f0e2f0','maucourte1c'),
	('c8f194e4-e971-4bf3-b380-776f566a6cab','acabrer1d');

INSERT INTO TIM_MANAJER VALUES ('6c6c2507-cca7-469f-bafb-10db8022dbb2', 'Columbia'),
    ('8a5ff742-0204-464d-b619-8d98043982a4', 'Harvard'),
    ('9373ca06-80aa-49e2-b462-89d15ba6bd5b', 'Stanford'),
    ('9136d677-ae8b-4ee6-8c1e-5e6a698d71bc', 'Coventry'),
    ('0c697e4f-8563-46c3-9708-0ba88039e51d', 'Brown'),
    ('4e173f77-f27f-422e-880e-89ac1eb1aa3a', 'Rice'),
    ('13cf4423-f3d8-46f7-9c6d-c0d3f642e9a1', 'Lund'),
    ('6d443d02-c331-43c7-8557-1fd8406beacb', 'Brock'),
    ('f241c463-c297-4ebb-8c14-c619e7f0e2f0', 'Melbourne'),
    ('c8f194e4-e971-4bf3-b380-776f566a6cab', 'Virginia');

INSERT INTO PEMINJAMAN VALUES ('6c6c2507-cca7-469f-bafb-10db8022dbb2', '2023-05-27', '2023-06-01', 'e99c59b9-5045-477f-aa1d-ffe74e05064e'),
    ('8a5ff742-0204-464d-b619-8d98043982a4', '2023-07-20', '2023-06-14', 'afc09029-d0ac-4f2e-9f8c-96878669454b'),
    ('9373ca06-80aa-49e2-b462-89d15ba6bd5b', '2023-06-24', '2023-06-08', '43d11d9f-0f49-440f-b34e-22bf678c8d63'),
    ('9136d677-ae8b-4ee6-8c1e-5e6a698d71bc', '2023-07-17', '2023-05-31', 'a96db8e7-6192-430e-8364-c3de0753d26d'),
    ('0c697e4f-8563-46c3-9708-0ba88039e51d', '2023-07-24', '2023-06-21', '06261a46-bca8-4400-aeda-167f6546e587');

INSERT INTO RAPAT VALUES ('8f149ca3-5c1a-4312-af0f-5a36d7592293','2023-05-12 01:54:11','588a11d3-6397-4fa0-8d48-7da97cd59538','6c6c2507-cca7-469f-bafb-10db8022dbb2','4e173f77-f27f-422e-880e-89ac1eb1aa3a','Duis bibendum, felis sed interdum venenatis, turpis enim blandit mi, in porttitor pede justo eu massa. Donec dapibus. Duis at velit eu est congue elementum.'),
 ('4aa7894e-f047-4e45-9781-0b1a970d7d49','2023-05-20 00:13:33','3eaac03d-8c86-4922-a104-773d9e3ab25f','8a5ff742-0204-464d-b619-8d98043982a4','13cf4423-f3d8-46f7-9c6d-c0d3f642e9a1','Duis aliquam convallis nunc. Proin at turpis a pede posuere nonummy. Integer non velit.

Donec diam neque, vestibulum eget, vulputate ut, ultrices vel, augue. Vestibulum ante ipsum primis in faucibus orci luctus et ultrices posuere cubilia Curae; Donec pharetra, magna vestibulum aliquet ultrices, erat tortor sollicitudin mi, sit amet lobortis sapien sapien non mi. Integer ac neque.

Duis bibendum. Morbi non quam nec dui luctus rutrum. Nulla tellus.

In sagittis dui vel nisl. Duis ac nibh. Fusce lacus purus, aliquet at, feugiat non, pretium quis, lectus.

Suspendisse potenti. In eleifend quam a odio. In hac habitasse platea dictumst.

Maecenas ut massa quis augue luctus tincidunt. Nulla mollis molestie lorem. Quisque ut erat.'),
 ('37537254-c0f5-4b7b-9151-0e3cc254145b','2023-07-26 23:03:12','c02f6893-b7f5-45ac-b104-7186ae0f3bc6','9373ca06-80aa-49e2-b462-89d15ba6bd5b','6d443d02-c331-43c7-8557-1fd8406beacb','In hac habitasse platea dictumst. Morbi vestibulum, velit id pretium iaculis, diam erat fermentum justo, nec condimentum neque sapien placerat ante. Nulla justo.

Aliquam quis turpis eget elit sodales scelerisque. Mauris sit amet eros. Suspendisse accumsan tortor quis turpis.'),
 ('e3f63b4f-ab02-43eb-8c36-f5eba9bf71fb','2023-06-13 15:28:20','5263d9a0-bb3e-4e05-86a6-5dcaf8a37f76','9136d677-ae8b-4ee6-8c1e-5e6a698d71bc','f241c463-c297-4ebb-8c14-c619e7f0e2f0','Proin interdum mauris non ligula pellentesque ultrices. Phasellus id sapien in sapien iaculis congue. Vivamus metus arcu, adipiscing molestie, hendrerit at, vulputate vitae, nisl.

Aenean lectus. Pellentesque eget nunc. Donec quis orci eget orci vehicula condimentum.

Curabitur in libero ut massa volutpat convallis. Morbi odio odio, elementum eu, interdum eu, tincidunt in, leo. Maecenas pulvinar lobortis est.

Phasellus sit amet erat. Nulla tempus. Vivamus in felis eu sapien cursus vestibulum.'),
 ('01095575-534e-4a5f-8be8-849584d3c3f3','2023-05-26 23:01:12','3e2e009c-3842-4caa-a045-4067eaa5aa2d','0c697e4f-8563-46c3-9708-0ba88039e51d','c8f194e4-e971-4bf3-b380-776f566a6cab','Donec diam neque, vestibulum eget, vulputate ut, ultrices vel, augue. Vestibulum ante ipsum primis in faucibus orci luctus et ultrices posuere cubilia Curae; Donec pharetra, magna vestibulum aliquet ultrices, erat tortor sollicitudin mi, sit amet lobortis sapien sapien non mi. Integer ac neque.

Duis bibendum. Morbi non quam nec dui luctus rutrum. Nulla tellus.

In sagittis dui vel nisl. Duis ac nibh. Fusce lacus purus, aliquet at, feugiat non, pretium quis, lectus.

Suspendisse potenti. In eleifend quam a odio. In hac habitasse platea dictumst.

Maecenas ut massa quis augue luctus tincidunt. Nulla mollis molestie lorem. Quisque ut erat.

Curabitur gravida nisi at nibh. In hac habitasse platea dictumst. Aliquam augue quam, sollicitudin vitae, consectetuer eget, rutrum at, lorem.

Integer tincidunt ante vel ipsum. Praesent blandit lacinia erat. Vestibulum sed magna at nunc commodo placerat.

Praesent blandit. Nam nulla. Integer pede justo, lacinia eget, tincidunt eget, tempus vel, pede.

Morbi porttitor lorem id ligula. Suspendisse ornare consequat lectus. In est risus, auctor sed, tristique in, tempus sit amet, sem.');